PARCELA,CLAVE,LINEA,ESPECIE,CAM-ESPECIE,TIEMPO ,ALT,DIAM,ALT2,DIAM2,N-S(2),N-S (2),ALT3,DIAM3,N-S(3),N-S (3),ALT4,DIAM4,N-S(4),N-S(4)
1,1,1,Cenizo,,2018,135,1.26,126,1.56,80,60,MUERTO,,,,MUERTO,,,
1,2,1,Cenizo,,2018,170,1.24,184,1.71,72,70,187,3,91,107,195,3,115,110
1,3,1,Cenizo,,2018,142,1.18,160,1.99,73,64,179,3,92,93,170,4,98,97
1,4,1,Cenizo,,2018,132,1.81,135,1.57,70,68,MUERTO,,,,MUERTO,,,
1,5,1,Cenizo,,2018,140,0.74,144,1.73,63,68,145,4,92,86,143,3,102,91
1,6,1,Cenizo,,2018,122,1.51,135,5.44,59,55,130,4,104,108,136,4,116,112
1,7,1,Cenizo,,2018,130,1.02,156,1.5,30,40,150,3,115,130,157,4,123,112
1,8,1,Cenizo,,2018,130,0.73,152,2.6,78,73,186,35,150,151,200,5,170,145
1,9,2,Anacahuita,,2018,145,2.08,182,3.29,77,80,181,6,210,171,180,6,175,178
1,10,2,Anacahuita,,2018,133,1.94,153,5.12,100,87,133,4,141,131,170,5,145,150
1,11,2,Anacahuita,,2018,152,1.35,170,1.57,68,52,MUERTO,,,,MUERTO,,,
1,12,2,Anacahuita,,2018,156,2.39,202,3.27,70,90,207,5,191,188,190,5,106,108
1,13,2,Anacahuita,,2018,181,2.56,173,2.32,65,99,218,4,154,139,220,7,160,160
1,14,2,Anacahuita,,2018,157,2.12,140,1.4,70,60,132,3,127,116,160,4,106,120
1,15,2,Anacahuita,,2018,132,1.53,193,2.1,67,70,166,3,163,132,146,5,93,106
1,16,2,Anacahuita,,2018,173,1.86,156,9.5,97,80,208,6,238,170,205,6,150,176
1,17,2,Anacahuita,,2018,152,1.11,,,,,182,4,111,129,220,6,180,190
1,18,2,Anacahuita,,2018,178,0.92,150,3.4,70,60,NE,,,,MUERTO,,,
1,19,2,Anacahuita,,2018,145,1.17,149,3,97,80,142,4,165,169,150,5,172,126
1,20,2,Anacahuita,,2018,147,2.58,,,,,185,5,159,186,210,7,181,170
1,21,3,Vara dulce,,2018,180,0.91,170,1.6,40,60,182,2,131,122,178,3,117,100
1,22,3,Vara dulce,,2018,177,1.27,182,2.8,73,98,179,2,100,91,MUERTO,,,
1,23,3,Vara dulce,,2018,170,0.81,110,1.2,20,20,MUERTO,,,,MUERTO,,,
1,24,3,Vara dulce,,2018,160,0.98,153,2,80,75,154,1.5,91,92,150,2,70,65
1,25,3,Vara dulce,,2018,234,1.04,220,2.5,70,102,218,2,99,91,205,2,85,66
1,26,3,Vara dulce,,2018,225,1.3,210,2.3,65,50,227,2,89,70,MUERTO,,,
1,27,3,Vara dulce,,2018,155,1.23,154,2.1,75,52,150,2,112,89,150,2,70,70
1,28,3,Vara dulce,,2018,140,0.78,120,2.4,80,66,146,2,107,136,148,2,130,136
1,29,4,Potro,,2018,163,1.17,223,2.9,100,140,226,4,175,210,260,5,305,235
1,30,4,Potro,,2018,164,0.72,182,1.8,90,110,217,3,155,133,260,4,200,175
1,31,4,Potro,,2018,155,1.35,170,3.2,95,105,210,2,151,142,MUERTO,,,
1,32,4,Potro,,2018,150,1.22,45,1.6,17,18,55,1.5,27,31,REB            48,2,38,30
1,33,4,Potro,,2018,160,0.73,155,2.1,52,60,175,2,91,89,REB           50,3,35,40
1,34,4,Vara dulce,,2018,190,1.09,187,1.9,70,83,215,2,86,101,MUERTO,,,
1,35,4,Vara dulce,,2018,188,0.77,190,1.6,50,58,200,2,61,50,192,2,54,50
1,36,5,Cenizo,,2018,140,1.11,162,2.9,90,83,195,3,121,112,,,,
1,37,5,Cenizo,,2018,141,1.15,137,3.1,110,90,180,3,120,133,,,,
1,38,5,Cenizo,,2018,138,1.65,147,2.9,100,87,169,4,124,119,,,,
1,39,5,Cenizo,,2018,115,1.01,123,2.7,102,93,144,3,121,129,,,,
1,40,5,Cenizo,,2018,171,1.02,176,2.5,97,82,106,2,119,70,,,,
1,41,5,Encino,,2018,140,0.79,133,1.3,20,23,MUERTO,,,,,,,
1,42,5,Cenizo,,2018,138,1.14,175,2.2,80,84,MUERTO,,,,,,,
1,43,6,Anacahuita,,2018,170,1.15,180,3.7,110,120,194,6,195,221,,,,
1,44,6,Anacahuita,,2018,154,2,210,4,160,100,176,5,141,220,,,,
1,45,6,Encino,,2018,155,0.79,150,1.1,50,38,MUERTO,,,,,,,
1,46,6,Anacahuita,,2018,143,1.27,140,1.7,20,40,154,4,102,111,,,,
1,47,6,Anacahuita,,2018,160,1.64,170,4.1,110,120,186,4,161,144,,,,
1,48,6,Anacahuita,,2018,128,1.15,,,,,MUERTO,,,,,,,
1,49,6,Anacahuita,,2018,165,1.82,176,4.1,160,110,200,6,183,194,,,,
1,50,7,Vara dulce,,2018,210,1.31,231,2.1,70,75,194,2,112,143,,,,
1,51,7,Vara dulce,,2018,226,1.53,220,2,90,50,238,2,71,101,,,,
1,52,7,Vara dulce,,2018,202,1.39,190,2.2,70,53,206,2,81,91,,,,
1,53,7,Potro,,2018,160,1.32,165,1.9,62,80,146,5,179,219,,,,
1,54,7,Vara dulce,,2018,220,0.87,200,1.6,60,67,200,2,116,117,,,,
1,55,7,Vara dulce,,2018,164,0.77,153,1.5,80,73,148,2,72,80,,,,
1,56,7,Vara dulce,,2018,165,0.8,140,1.7,110,130,122,3,172,130,,,,
1,57,7,Vara dulce,,2018,160,0.85,146,2,70,78,149,2,121,113,,,,
1,58,8,Potro,,2018,160,1.45,196,3.5,230,160,183,4,221,210,,,,
1,59,8,Potro,,2018,174,0.92,187,2.1,90,100,238,3.5,162,189,,,,
1,60,8,Potro,,2018,200,1.25,174,1.7,50,40,130,2,73,87,,,,
1,61,8,Potro,,2018,154,0.96,205,2.1,80,110,179,3,182,163,,,,
1,62,8,Potro,,2018,153,1.22,200,2.8,90,150,212,3,141,201,,,,
1,63,8,Potro,,2018,180,0.87,70,1.3,20,18,183,4,147,131,,,,
1,64,8,Potro,,2018,140,0.88,130,1.5,15,12,192,4,92,124,,,,
1,65,8,Potro,,2018,197,2.33,162,3.7,110,160,217,6,208,194,,,,
1,66,9,Cenizo,,2018,145,1.21,140,2.3,90,100,175,3,131,140,,,,
1,67,9,Cenizo,,2018,158,1.16,153,2.1,110,90,190,2,124,131,,,,
1,68,9,Cenizo,,2018,190,2.06,180,2.7,120,110,207,4,171,141,,,,
1,69,9,Encino,,2018,140,0.72,110,1,20,15,MUERTO,,,,,,,
1,70,9,Cenizo,,2018,150,1.33,154,2,120,110,184,3,131,130,,,,
1,71,9,Cenizo,,2018,160,1.92,193,2.2,123,140,222,5,207,179,,,,
1,72,9,Cenizo,,2018,170,1.23,170,1.5,110,70,127,4,142,160,,,,
1,73,9,Cenizo,,2018,160,1.26,160,2.1,90,70,171,3,152,129,,,,
1,74,9,Cenizo,,2018,146,1.61,155,2.8,100,110,161,3,160,141,,,,
1,75,9,Cenizo,,2018,160,2.14,156,2.7,110,90,172,3,141,129,,,,
1,76,10,Anacahuita,,2018,172,1.72,200,3.9,130,120,172,4,167,139,,,,
1,77,10,Anacahuita,,2018,152,1.03,170,2.8,110,60,MUERTO,,,,,,,
1,78,10,Anacahuita,,2018,146,2.05,190,3.7,119,110,175,3,181,149,,,,
1,79,10,Anacahuita,,2018,150,2.28,,,, ,171,5,200,189,,,,
1,80,10,Encino,,2018,131,0.55,130,0.8,10,15,MUERTO,,,,,,,
1,81,10,Encino,,2018,137,0.83,130,1.1,15,17,MUERTO,,,,,,,
1,82,10,Anacahuita,,2018,157,2.01,170,3.5,140,157,MUERTO,,,,,,,
1,83,10,Anacahuita,,2018,149,2.35,166,2.7,90,100,208,6,200,210,,,,
1,84,10,Anacahuita,,2018,161,1.84,,,,,161,4,160,136,,,,
1,85,10,Anacahuita,,2018,153,2.01,170,2.7,90,80,222,7,199,229,,,,
1,86,11,Encino,,2018,147,0.77,145,1,10,15,,,,,,,,
1,87,11,Encino,,2018,168,0.75,,,,,,,,,,,,
1,88,11,Vara dulce,,2018,196,0.93,190,1.5,50,30,MUERTO,,,,,,,
1,89,11,Vara dulce,,2018,173,0.96,180,1.8,80,90,179,2,101,110,,,,
1,90,11,Vara dulce,,2018,210,2.01,197,2.3,80,70,204,2,82,79,,,,
1,91,11,Vara dulce,,2018,170,0.72,168,1.1,10,10,178,5,130,139,,,,
1,92,11,Vara dulce,,2018,177,0.79,173,2.5,70,50,MUERTO,,,,,,,
1,93,11,Vara dulce,,2018,204,1.26,210,2.4,60,40,217,2,19,81,,,,
1,94,11,Vara dulce,,2018,203,1.11,218,1.7,50,70,MUERTO,,,,,,,
1,95,11,Vara dulce,,2018,200,0.98,210,2.7,60,50,,,,,,,,
1,96,12,Potro,,2018,150,1.29,197,2.4,40,80,157,3,143,139,,,,
1,97,12,Potro,,2018,173,1.06,175,2.7,100,70,222,3,151,158,,,,
1,98,12,Potro,,2018,160,1.32,184,2.6,100,80,216,4,221,150,,,,
1,99,12,Potro,,2018,223,0.69,215,1.5,60,110,168,3,147,122,,,,
1,100,12,Potro,,2018,187,1.29,219,5.1,140,160,236,,204,222,,,,
1,101,12,Encino,,2018,163,0.61,150,1.5,10,20,MUERTO,,,,,,,
1,102,12,Potro,,2018,165,1.65,160,2.6,80,50,238,3,200,219,,,,
1,103,12,Potro,,2018,194,1.35,200,2.4,120,140,192,3,152,152,,,,
1,104,12,Potro,,2018,195,1.85,210,2.3,80,90,214,4,160,132,,,,
1,105,12,Potro,,2018,172,1.19,140,2.1,80,70,172,3,131,150,,,,
1,106,13,Encino,,2018,152,1.13,164,2.4,80,10,156,2,21,25,,,,
1,107,13,Cenizo,,2018,135,1.1,103,3.2,90,60,155,3,120,130,,,,
1,108,13,Cenizo,,2018,151,1.47,160,3.5,100,110,119,2,132,103,,,,
1,109,13,Potro,,2018,270,1.53,215,3,130,110,185,3,148,180,,,,
1,110,13,Cenizo,,2018,144,0.84,156,1.4,90,100,166,2,121,110,,,,
1,111,13,Cenizo,,2018,158,0.8,154,1.8,50,40,116,3,149,130,,,,
1,112,13,Encino,,2018,134,0.54,130,0.9,10,10,113,1,21,38,,,,
1,113,13,Cenizo,,2018,160,1.47,144,2.2,90,110,144,3,108,115,,,,
1,114,14,Anacahuita,,2018,198,2.86,,,,,MUERTO,,,,,,,
1,115,14,Encino,,2018,130,0.75,60,1.5,20,10,MUERTO,,,,,,,
1,116,14,Anacahuita,,2018,140,1.83,150,3.4,120,100,,,,,,,,
1,117,14,Anacahuita,,2018,170,2.34,,,,,196,7,189,175,,,,
1,118,14,Anacahuita,,2018,152,2.16,,,,,MUERTO,,,,,,,
1,119,14,Anacahuita,,2018,123,0.94,125,2.5,60,70,MUERTO,,,,,,,
1,120,14,Encino,,2018,160,0.82,154,1.5,15,20,153,1,19,18,,,,
1,121,15,Potro,,2018,190,1.52,210,2.8,100,115,234,3,151,153,,,,
1,122,15,Potro,,2018,185,2.07,120,3.2,180,200,218,5,255,231,,,,
1,123,15,Potro,,2018,184,1.46,210,2.7,100,90,199,3,167,148,,,,
1,124,15,Potro,,2018,150,1.33,,,,,,,,,,,,
2,125,1,Cenizo,,2018,150,1.47,150,2.8,90,80,170,2,80,80,,,,
2,126,1,Cenizo,,2018,240,2.21,220,4.5,80,110,200,3,100,90,,,,
2,127,1,Cenizo,,2018,220,2.33,200,3.1,90,100,220,2,70,90,,,,
2,128,1,Cenizo,,2018,205,1.57,190,2,60,80,210,2,80,80,,,,
2,129,1,Cenizo,,2018,170,1.34,186,2.2,110,70,186,2,70,75,,,,
2,130,1,Cenizo,,2018,205,1.3,198,2,90,80,198,2,98,105,,,,
2,131,1,Cenizo,,2018,190,2.01,200,2.4,80,90,213,3,123,98,,,,
2,132,1,Cenizo,,2018,170,1.8,,,,,131,1,32,35,,,,
2,133,1,Cenizo,,2018,180,1.4,170,2.2,80,110,134,1,71,67,,,,
2,134,2,Anacahuita,,2018,142,1.07,143,2.2,30,40,154,2,62,123,,,,
2,135,2,Anacahuita,,2018,147,1.81,140,2.3,20,26,MUERTO,,,,,,,
2,136,2,Anacahuita,,2018,157,1.11,160,2.3,15,20,147,3,124,152,,,,
2,137,2,Anacahuita,,2018,122,1.16,,,,,MUERTO,,,,,,,
2,138,2,Anacahuita,,2018,180,1.49,180,3.3,90,110,149,1,25,33,,,,
2,139,2,Anacahuita,,2018,146,1.69,150,2.1,70,60,MUERTO,,,,,,,
2,140,2,Anacahuita,,2018,120,1.53,144,2.3,50,70,154,2,54,64,,,,
2,141,2,Anacahuita,POTRO,2018,105,0.99,112,1.1,20,32,,,,,,,,
2,142,2,Cenizo,,2018,200,1.1,150,1.2,40,50,178,2,112,84,,,,
2,143,3,Vara dulce,,2018,166,0.7,166,2.3,30,40,163,2,95,104,,,,
2,144,3,Vara dulce,,2018,160,0.89,154,1.8,80,90,MUERTO,,,,,,,
2,145,3,Vara dulce,,2018,197,1.09,115,1.5,30,20,194,,94,101,,,,
2,146,3,Vara dulce,,2018,165,0.8,160,2.2,20,30,MUERTO,,,,,,,
2,147,3,Vara dulce,,2018,170,1.27,192,1.8,20,19,MUERTO,,,,,,,
2,148,3,Vara dulce,,2018,196,1.48,180,2.1,40,50,144,2,45,87,,,,
2,149,3,Vara dulce,,2018,152,1.07,170,1.8,50,60,193,2,110,96,,,,
2,150,3,Vara dulce,,2018,162,0.95,160,1.7,70,80,161,,83,44,,,,
2,151,3,Encino,,2018,141,0.73,140,1,10,10,MUERTO,,,,,,,
2,152,3,Cenizo,POTRO,2018,165,1.05,143,1.8,30,20,170,2,110,80,,,,
2,153,4,Potro,,2018,2.1,1.43,221,2.4,80,100,167,3,178,123,,,,
2,154,4,Potro,,2018,147,1.1,,,,,MUERTO,,,,,,,
2,155,4,Encino,,2018,138,0.59,130,1.6,20,15,MUERTO,,,,,,,
2,156,4,Potro,,2018,185,1.18,174,2,30,50,MUERTO,,,,,,,
2,157,4,Potro,,2018,153,0.73,37,1.1,10,10,58,1,41,39,,,,
2,158,4,Potro,,2018,172,1.05,,,,,,,,,,,,
2,159,4,Potro,,2018,160,1.08,63,1.7,40,35,130,1,70,66,,,,
2,160,4,Potro,,2018,140,0.86,56,1.5,25,40,104,1,55,90,,,,
2,161,4,Vara dulce,,2018,240,1.05,,,,,,,,,,,,
2,162,5,Cenizo,,2018,180,1.46,,,,,161,2,98,72,,,,
2,163,5,Cenizo,,2018,163,0.99,170,2.1,30,40,222,2,88,66,,,,
2,164,5,Cenizo,,2018,205,1.5,215,2.5,50,60,187,2,82,76,,,,
2,165,5,Cenizo,,2018,183,1.35,174,2.5,80,75,130,,54,119,,,,
2,166,5,Cenizo,,2018,165,1.31,164,2.2,40,40,MUERTO,,,,,,,
2,167,5,Cenizo,,2018,165,1.35,180,2.3,100,110,140,2,63,77,,,,
2,168,5,Cenizo,,2018,136,0.94,140,1.7,40,60,,,,,,,,
2,169,6,Anacahuita,,2018,175,1.71,180,3.2,70,90,172,3,116,120,,,,
2,170,6,Anacahuita,,2018,256,1.96,175,2.2,80,40,,,,,,,,
2,171,6,Anacahuita,,2018,142,1.43,130,2,80,70,158,3,122,140,,,,
2,172,6,Anacahuita,,2018,148,1.35,,,,,184,3,90,115,,,,
2,173,6,Anacahuita,,2018,146,1.46,150,2.3,70,75,181,2,180,164,,,,
2,174,7,Vara dulce,,2018,215,1.35,220,2.1,40,80,232,2,62,102,,,,
2,175,7,Vara dulce,,2018,172,0.63,190,1.8,30,50,166,2,100,95,,,,
2,176,7,Vara dulce,,2018,147,0.82,,,,,MUERTO,,,,,,,
2,177,8,Potro,,2018,206,1.72,210,3.4,130,110,204,2,127,120,,,,
2,178,8,Potro,,2018,163,1.18,167,2.2,60,40,225,2,208,180,,,,
2,179,8,Cenizo,,2018,185,1.77,170,3,90,100,192,2,115,130,,,,
2,180,8,Cenizo,,2018,127,0.94,135,2.2,100,70,162,2,122,136,,,,
2,181,8,Anacahuita,,2018,145,1.68,160,2.4,60,50,182,3,153,130,,,,
3,182,1,Cenizo,,2018,175,1.41,,,,,79,1,110,61,,,,
3,183,1,Encino,,2018,164,1.28,162,2.1,20,20,143,1,88,79,,,,
3,184,1,Cenizo,,2018,183,1.52,,,,,145,2,100,163,,,,
3,185,1,Cenizo,,2018,103,1.09,110,2.3,80,90,MUERTO,,,,,,,
3,186,1,Cenizo,,2018,120,1.43,130,2.5,80,90,MUERTO,,,,,,,
3,187,1,Cenizo,,2018,212,1.54,210,2.4,70,50,122,1,90,84,,,,
3,188,1,Encino,,2018,120,0.67,,,,,97,,65,102,,,,
3,189,1,Cenizo,,2018,110,1.03,120,1.7,80,70,MUERTO,,,,,,,
3,190,1,Cenizo,,2018,143,1.53,150,2.1,90,100,MUERTO,,,,,,,
3,191,1,Cenizo,,2018,120,0.87,130,1.8,40,60,,,,,,,,
3,192,2,Encino,,2018,162,1.08,,,,,159,1,45,40,,,,
3,193,2,Anacahuita,,2018,170,1.83,,,,,176,2,138,152,,,,
3,194,2,Encino,,2018,157,1.39,,,,,MUERTO,,,,,,,
3,195,2,Anacahuita,,2018,153,1.85,,,,,162,4,187,210,,,,
3,196,2,Anacahuita,,2018,135,1.85,150,3,100,90,131,3,142,115,,,,
3,197,2,Anacahuita,,2018,140,1.38,140,2.6,60,80,160,3,130,169,,,,
3,198,2,Anacahuita,,2018,142,1.36,143,2.4,100,90,175,3,160,150,,,,
3,199,2,Encino,,2018,144,0.73,,,,,MUERTO,,,,,,,
3,200,2,Encino,,2018,151,0.84,,,,,MUERTO,,,,,,,
3,201,2,Anacahuita,,2018,170,1.68,167,2.3,10,10,173,4,172,180,,,,
3,202,2,Anacahuita,,2018,140,1.97,163,3.3,80,100,MUERTO,,,,,,,
3,203,2,Anacahuita,,2018,160,1.57,,,,,139,3,144,153,,,,
3,204,2,Anacahuita,,2018,135,1.91,100,2.2,40,50,,,,,,,,
3,205,3,Encino,,2018,192,1.46,190,2,60,30,MUERTO,,,,,,,
3,206,3,Cenizo,,2018,140,0.75,175,2.4,80,100,MUERTO,,,,,,,
3,207,3,Cenizo,,2018,167,0.97,190,2.7,80,110,1.32,3,1.96,2.19,,,,
3,208,3,Encino,,2018,121,0.95,127,1.5,20,25,MUERTO,,,,,,,
3,209,3,Encino,,2018,133,0.84,131,1.8,40,50,MUERTO,,,,,,,
3,210,3,Encino,,2018,130,0.55,,,,,,,,,,,,
3,211,3,Vara dulce,,2018,160,0.72,154,1.9,110,120,1.67,2,1.97,1.86,,,,
3,212,3,Vara dulce,,2018,161,0.83,180,1.5,30,25,1.9,2,1.04,1.2,,,,
3,213,3,Encino,,2018,130,0.8,100,1,30,20,,,,,,,,
3,214,3,Vara dulce,,2018,200,1.2,194,2.2,80,80,MUERTO,,,,,,,
3,215,3,Encino,,2018,134,0.66,137,1.5,20,20,MUERTO,,,,,,,
3,216,3,Vara dulce,,2018,230,1.3,217,1.8,110,90,220,2,148,149,,,,
3,217,3,Vara dulce,,2018,218,1.24,207,1.7,20,20,203,2,71,85,,,,
3,218,3,Vara dulce,,2018,180,0.82,140,1.5,70,110,121,2,110,135,,,,
3,219,4,Potro,,2018,140,1.06,160,2.3,80,110,172,3,113,217,,,,
3,220,4,Cenizo,,2018,205,1.68,210,2.2,90,110,220,3,119,142,,,,
3,221,4,Encino,,2018,120,0.7,,,,,,,,,,,,
3,222,4,Encino,CENIZO,2018,175,2.01,185,2.9,110,130,200,3,141,150,,,,
3,223,4,Potro,,2018,255,2.59,280,4,130,120,305,4,291,245,,,,
3,224,4,Potro,,2018,210,2.43,245,3.5,110,120,242,3,193,189,,,,
3,225,4,Potro,,2018,190,0.98,210,2.8,120,125,193,3,242,211,,,,
3,226,4,Potro,,2018,292,1.55,270,2.5,110,115,310,3,168,182,,,,
3,227,4,Potro,,2018,145,0.81,130,1.5,30,40,170,2,122,123,,,,
3,228,4,Potro,,2018,137,0.85,160,2.1,40,60,133,1,110,152,,,,
3,229,4,Encino,,2018,172,0.98,170,1.8,20,25,MUERTO,,,,,,,
3,230,4,Potro,,2018,153,0.99,193,2.1,30,40,198,2,70,95,,,,
3,231,4,Encino,,2018,138,0.75,132,1.7,40,30,MUERTO,,,,,,,
3,232,4,Potro,,2018,110,1.02,38,1.5,10,10,187,2,50,57,,,,
3,233,4,Potro,,2018,200,1.89,190,2.7,20,25,157,2,69,91,,,,
3,234,4,Potro,,2018,130,0.86,142,1,20,30,,,,,,,,
3,235,5,Encino,,2018,126,0.79,135,1,10,10,MUERTO,,,,,,,
3,236,5,Encino,,2018,164,1.05,160,1.5,20,10,MUERTO,,,,,,,
3,237,5,Cenizo,,2018,145,1,170,1.8,40,70,120,2,86,129,,,,
3,238,5,Cenizo,,2018,120,1,165,2.2,50,80,87,2,131,72,,,,
3,239,5,Encino,,2018,200,1.12,190,1.8,20,15,MUERTO,,,,,,,
3,240,5,Cenizo,,2018,182,0.8,210,2.2,70,100,130,2,98,191,,,,
3,241,5,Cenizo,,2018,180,0.95,,,,,MUERTO,,,,,,,
3,242,5,Cenizo,,2018,160,1.1,160,1.7,30,20,56,1,40,46,,,,
3,243,5,Encino,,2018,100,1,105,1.1,10,10,MUERTO,,,,,,,
3,244,5,Cenizo,,2018,197,1.47,190,1.8,60,70,MUERTO,,,,,,,
3,245,5,Cenizo,,2018,172,1.11,172,2.2,40,60,140,2,121,150,,,,
3,246,5,Cenizo,,2018,183,1.49,200,3,70,90,181,2,80,110,,,,
3,247,5,Encino,,2018,118,1.19,,,,,MUERTO,,,,,,,
3,248,5,Cenizo,,2018,13,1.65,150,2.5,110,115,175,3,140,136,,,,
3,249,5,Cenizo,,2018,177,1.18,165,2.2,40,30,MUERTO,,,,,,,
3,250,5,Encino,,2018,130,0.65,120,1,10,10,MUERTO,,,,,,,
3,251,5,Cenizo,,2018,145,1.07,135,2.5,80,50,132,3,110,117,,,,
3,252,5,Cenizo,,2018,180,1.03,184,2.1,70,110,156,3,131,162,,,,
3,253,5,Cenizo,,2018,178,0.9,177,1.8,40,35,MUERTO,,,,,,,
3,254,5,Cenizo,,2018,185,1.39,190,1.2,80,100,206,3,118,150,,,,
3,255,5,Cenizo,,2018,174,1.25,176,3.1,110,140,160,2,149,121,,,,
3,256,6,Anacahuita,,2018,154,2.5,,,,,185,3,141,148,,,,
3,257,6,Anacahuita,,2018,154,1.38,164,3.4,70,60,164,3,160,131,,,,
3,258,6,Anacahuita,,2018,181,1.77,165,2.1,100,80,205,2,110,121,,,,
3,259,6,Anacahuita,,2018,125,1.41,,,,,MUERTO,,,,,,,
3,260,6,Anacahuita,,2018,160,1.92,153,2.6,80,70,167,4,147,191,,,,
3,261,6,Encino,,2018,153,1.12,150,1.1,30,50,MUERTO,,,,,,,
3,262,6,Anacahuita,,2018,155,1.74,168,3.1,110,90,180,3,141,185,,,,
3,263,6,Anacahuita,,2018,150,1.84,140,2,20,40,MUERTO,,,,,,,
3,264,6,Encino,,2018,133,1.11,150,1.5,15,20,MUERTO,,,,,,,
3,265,6,Anacahuita,,2018,174,2.1,208,2.1,20,20,200,3,131,148,,,,
3,266,6,Anacahuita,,2018,135,1.12,160,2.4,70,40,156,3,161,180,,,,
3,267,6,Encino,,2018,148,0.65,110,0.9,10,10,MUERTO,,,,,,,
3,268,6,Anacahuita,,2018,175,1.23,178,2.1,60,40,178,3,115,109,,,,
3,269,6,Anacahuita,,2018,154,1.47,208,2.4,80,100,150,4,181,160,,,,
3,270,6,Encino,,2018,154,0.75,156,1.3,15,15,,,,,,,,
3,271,6,Anacahuita,,2018,162,2.23,,,,,MUERTO,,,,,,,
3,272,6,Anacahuita,,2018,145,2.18,,,,,MUERTO,,,,,,,
3,273,6,Encino,,2018,154,0.79,48,0.7,20,20,MUERTO,,,,,,,
3,274,6,Anacahuita,,2018,150,1.56,146,2.2,10,10,MUERTO,,,,,,,
3,275,6,Encino,,2018,110,0.81,108,1,10,10,MUERTO,,,,,,,
3,276,6,Anacahuita,,2018,175,2.11,170,2,20,25,MUERTO,,,,,,,
3,277,6,Anacahuita,,2018,159,1.22,155,1.8,10,10,160,2,71,60,,,,
3,278,6,Anacahuita,,2018,155,1.28,,,,,MUERTO,,,,,,,
3,279,7,Encino,,2018,146,0.86,140,1,20,20,,,,,,,,
3,280,7,Potro,,2018,155,1.64,174,2.1,90,70,MUERTO,,,,,,,
3,281,7,Potro,,2018,160,1.03,162,2.3,40,50,171,3,149,157,,,,
3,282,7,Potro,,2018,139,1.7,175,3.1,140,135,200,4,217,239,,,,
3,283,7,Encino,,2018,144,1,150,1.5,10,10,MUERTO,,,,,,,
3,284,7,Potro,,2018,144,0.96,187,3.7,100,130,191,3,210,230,,,,
3,285,7,Potro,,2018,125,0.67,165,2.1,80,110,169,3,152,171,,,,
3,286,7,Encino,,2018,133,1.14,134,1.5,20,15,MUERTO,,,,,,,
3,287,7,Potro,,2018,220,2.38,254,3.3,140,150,272,4,231,240,,,,
3,288,7,Potro,,2018,190,1.43,186,1.8,40,35,193,2,119,150,,,,
3,289,7,Encino,,2018,169,1.51,170,2,50,40,MUERTO,,,,,,,
3,290,7,Potro,,2018,195,1.22,240,2.1,70,100,176,3,171,192,,,,
3,291,7,Potro,,2018,135,1.08,53,1,25,30,89,1,63,67,,,,
3,292,7,Potro,,2018,160,0.66,186,2.3,70,60,220,3,179,188,,,,
3,293,7,Potro,,2018,134,0.6,160,1.5,80,40,195,2,177,170,,,,
3,294,7,Encino,,2018,145,0.69,145,1.8,10,10,MUERTO,,,,,,,
3,295,7,Potro,,2018,122,0.92,172,2.4,90,70,167,2,156,170,,,,
3,296,7,Potro,,2018,140,1.06,135,2.1,20,30,82,2,71,90,,,,
3,297,7,Potro,,2018,145,0.74,180,2.5,90,70,190,3,130,161,,,,
3,298,7,Encino,,2018,145,0.67,128,1,10,10,MUERTO,,,,,,,
3,299,7,Encino,,2018,164,0.84,38,0.8,10,10,MUERTO,,,,,,,
3,300,7,Potro,,2018,178,0.78,160,2.8,110,120,138,4,163,179,,,,
3,301,7,Potro,,2018,150,0.73,157,2.4,70,60,124,2,182,143,,,,
3,302,7,Vara dulce,,2018,150,0.81,146,1.3,60,120,124,1,125,90,,,,
3,303,7,Encino,,2018,135,0.66,127,1.1,10,10,MUERTO,,,,,,,
3,304,7,Encino,,2018,158,0.92,150,1.5,60,40,MUERTO,,,,,,,
3,305,8,Cenizo,,2018,148,1.37,165,1.8,60,70,141,2,123,150,,,,
3,306,8,Cenizo,,2018,193,2.01,96,1,40,50,MUERTO,,,,,,,
3,307,8,Cenizo,,2018,145,0.74,137,1.7,40,30,91,,124,95,,,,
3,308,8,Encino,,2018,140,0.85,140,1.1,10,10,MUERTO,,,,,,,
3,309,8,Anacahuita,,2018,93,1.66,124,2.1,60,60,133,3,142,137,,,,
3,310,8,Cenizo,,2018,134,1.02,140,1.8,30,50,111,2,97,110,,,,
3,311,8,Cenizo,,2018,154,1.18,156,1.4,30,40,70,1,71,60,,,,
3,312,8,Cenizo,,2018,166,1.01,180,2.7,40,50,140,2,107,110,,,,
3,313,8,Cenizo,,2018,200,1.15,105,1.6,20,50,109,1,58,75,,,,
3,314,8,Encino,,2018,140,0.59,90,1.1,10,10,MUERTO,,,,,,,
3,315,8,Cenizo,,2018,174,1.36,160,1.5,30,50,83,2,59,60,,,,
3,316,8,Cenizo,,2018,135,0.85,200,1.9,30,40,70,2,60,150,,,,
3,317,8,Cenizo,,2018,140,0.72,176,1.8,40,70,100,2,119,123,,,,
3,318,8,Cenizo,,2018,196,0.97,140,2.4,60,50,80,2,76,120,,,,
3,319,8,Cenizo,,2018,150,1.97,190,2.2,80,90,176,3,149,160,,,,
3,320,8,Encino,,2018,190,0.74,120,1,10,10,MUERTO,,,,,,,
3,321,8,Cenizo,,2018,195,1.85,200,2.1,70,90,149,3,131,130,,,,
3,322,8,Cenizo,,2018,197,1.77,72,1,20,30,70,2,51,40,,,,
3,323,8,Cenizo,,2018,135,1.91,110,1.5,30,50,83,2,61,72,,,,
3,324,8,Cenizo,,2018,160,0.97,160,2,50,70,97,2,108,110,,,,
3,325,8,Encino,,2018,160,0.98,,,,,MUERTO,,,,,,,
3,326,8,Encino,,2018,135,1.1,127,1.2,10,10,MUERTO,,,,,,,
3,327,8,Cenizo,,2018,155,0.84,106,1.1,20,40,100,2,62,81,,,,
3,328,8,Cenizo,,2018,125,0.79,140,1.7,40,30,110,2,80,70,,,,
3,329,8,Cenizo,,2018,146,1.82,150,2.7,40,30,137,2,126,110,,,,
3,330,8,Cenizo,,2018,154,1.35,140,2.4,60,80,160,2,150,126,,,,
3,331,8,Encino,,2018,130,0.63,135,1,10,10,MUERTO,,,,,,,
3,332,8,Encino,,2018,150,0.77,,,,,,,,,,,,
3,333,8,Cenizo,,2018,130,0.78,150,1.8,40,30,100,2,90,130,,,,
3,334,8,Cenizo,,2018,178,1.03,195,2.1,70,50,153,3,140,150,,,,
3,335,9,Anacahuita,,2018,140,1.83,,,,,,,,,,,,
3,336,9,Anacahuita,,2018,190,1.74,165,2,10,10,MUERTO,,,,,,,
3,337,9,Encino,,2018,140,1.72,100,10,20,30,,,,,,,,
3,338,9,Encino,,2018,149,0.61,148,1.2,15,10,MUERTO,,,,,,,
3,339,9,Anacahuita,,2018,154,1.01,140,3.3,80,110,170,5,151,163,,,,
3,340,9,Anacahuita,,2018,154,2.09,182,3,30,40,178,3,101,110,,,,
3,341,9,Encino,,2018,138,0.56,162,1.5,40,30,MUERTO,,,,,,,
3,342,9,Encino,,2018,150,0.92,150,1.4,40,20,MUERTO,,,,,,,
3,343,9,Anacahuita,,2018,140,1.42,146,2,40,30,152,3,119,93,,,,
3,344,9,Anacahuita,,2018,140,1.54,164,2.2,110,90,158,3,142,178,,,,
3,345,9,Anacahuita,,2018,131,1.38,,,,,MUERTO,,,,,,,
3,346,9,Anacahuita,,2018,175,1.18,133,1.7,10,10,MUERTO,,,,,,,
3,347,9,Encino,,2018,162,0.9,166,1.5,10,15,MUERTO,,,,,,,
3,348,9,Anacahuita,,2018,152,1.14,160,2.5,50,40,153,3,140,130,,,,
3,349,9,Anacahuita,,2018,159,2.24,210,2.8,60,100,177,4,169,181,,,,
3,350,9,Anacahuita,,2018,143,1.53,163,2,40,70,164,4,112,153,,,,
3,351,9,Anacahuita,,2018,146,1.91,165,2.1,80,60,173,4,186,160,,,,
3,352,9,Anacahuita,,2018,173,1.25,180,1.9,80,70,197,4,175,160,,,,
3,353,9,Anacahuita,,2018,131,0.7,142,2.2,60,40,156,3,119,120,,,,
3,354,9,Encino,,2018,140,0.54,,,,,,,,,,,,
3,355,9,Anacahuita,,2018,167,2.24,170,2.1,40,35,MUERTO,,,,,,,
3,356,9,Anacahuita,,2018,210,2.19,202,2.3,40,50,MUERTO,,,,,,,
3,357,9,Anacahuita,,2018,165,1.76,180,2,20,30,140,2,86,90,,,,
3,358,9,Anacahuita,,2018,144,2.41,130,2.8,60,40,90,1,55,77,,,,
3,359,9,Anacahuita,,2018,148,1.65,110,1.6,30,40,,,,,,,,
3,360,9,Encino,,2018,140,0.77,90,1.5,10,10,,,,,,,,
3,361,9,Anacahuita,,2018,144,1.56,156,2.5,80,70,165,4,176,170,,,,
3,362,9,Encino,,2018,155,2.01,110,1,10,10,,,,,,,,
3,363,9,Anacahuita,,2018,155,2.53,137,1.8,20,40,MUERTO,,,,,,,
3,364,9,Anacahuita,,2018,140,1.82,128,1.9,30,100,145,4,148,190,,,,
3,365,9,Encino,,2018,110,1.29,120,1.4,30,30,100,2,69,56,,,,
3,366,10,Encino,,2018,149,0.25,153,1,10,10,,,,,,,,
3,367,10,Potro,,2018,170,0.76,184,2,80,70,MUERTO,,,,,,,
3,368,10,Potro,,2018,170,1.3,190,2.6,140,110,184,3,193,205,,,,
3,369,10,Potro,,2018,100,0.86,136,1.7,20,20,MUERTO,,,,,,,
3,370,10,Potro,,2018,140,2.08,144,4,130,120,166,3,162,230,,,,
3,371,10,Potro,,2018,267,2.76,275,3.5,120,90,302,3,231,184,,,,
3,372,10,Encino,,2018,110,0.77,110,1.5,20,20,MUERTO,,,,,,,
3,373,10,Potro,,2018,246,2.35,320,3,90,110,300,3,130,145,,,,
3,374,10,Potro,,2018,200,2.74,242,2.5,80,110,269,4,228,224,,,,
3,375,10,Potro,,2018,193,0.95,215,2.2,60,80,210,2,162,150,,,,
3,376,10,Potro,,2018,230,2.68,240,2.8,120,100,270,4,245,196,,,,
3,377,10,Potro,,2018,189,1.78,184,3.2,130,110,201,4,200,140,,,,
3,378,10,Potro,,2018,224,1.53,260,1.5,90,100,230,3,140,148,,,,
3,379,10,Cenizo,,2018,145,1.06,140,2.8,60,50,96,2,103,131,,,,
3,380,10,Anacahuita,,2018,150,1.42,148,3,100,110,167,3,150,161,,,,
3,381,10,Encino,,2018,154,0.81,150,1.2,10,10,MUERTO,,,,,,,
3,382,10,Anacahuita,,2018,162,1.29,170,2.1,40,30,176,4,134,140,,,,
3,383,10,Cenizo,,2018,140,1.68,150,1.9,60,70,160,3,129,120,,,,
3,384,10,Anacahuita,,2018,164,1.65,123,2.5,28,40,158,3,145,130,,,,
3,385,10,Cenizo,,2018,240,1.58,215,2.2,70,100,155,3,150,200,,,,
3,386,10,Anacahuita,,2018,206,1.94,200,2.1,10,10,MUERTO,,,,,,,
3,387,10,Cenizo,,2018,189,1.45,185,2.1,40,80,166,2,157,131,,,,
3,388,10,Encino,,2018,160,0.87,160,1,10,15,MUERTO,,,,,,,
3,389,10,Cenizo,,2018,173,2.54,160,4,90,50,170,3,121,107,,,,
3,390,10,Anacahuita,,2018,136,1.39,,,,,MUERTO,,,,,,,
3,391,10,Cenizo,,2018,166,1.75,180,1.8,80,110,179,3,129,140,,,,
3,392,10,Anacahuita,,2018,126,1.21,140,2,70,80,135,4,120,149,,,,
3,393,10,Cenizo,,2018,135,0.77,130,1.5,50,90,100,2,99,134,,,,
3,394,10,Anacahuita,,2018,210,1.94,204,1.7,10,10,MUERTO,,,,,,,
3,395,10,Cenizo,,2018,160,1.02,110,1,40,60,130,2,80,100,,,,
3,396,10,Encino,,2018,145,0.75,36,0.8,10,10,,,,,,,,
3,397,10,Encino,,2018,130,0.96,130,1.5,10,15,MUERTO,,,,,,,
3,398,11,Encino,,2018,160,0.72,159,0.8,10,10,,,,,,,,
3,399,11,Cenizo,,2018,143,1.42,100,2,40,30,71,1,63,52,,,,
3,400,11,Cenizo,,2018,138,0.77,145,1.7,30,50,MUERTO,,,,,,,
3,401,11,Cenizo,,2018,160,1.18,102,1,40,35,110,1,57,61,,,,
3,402,11,Cenizo,,2018,140,1.06,155,2,70,90,133,2,175,170,,,,
3,403,11,Cenizo,,2018,120,0.95,120,1.9,50,40,117,3,112,173,,,,
3,404,11,Cenizo,,2018,150,1.19,145,1.8,60,40,115,3,110,150,,,,
3,405,11,Cenizo,,2018,204,1.93,210,3.1,90,110,170,2,170,210,,,,
3,406,11,Cenizo,,2018,180,1.62,210,2.5,80,60,215,2,140,121,,,,
3,407,11,Encino,,2018,160,1.45,170,1.9,70,50,190,1,71,70,,,,
3,408,11,Cenizo,,2018,135,1.22,100,1.5,50,80,94,2,141,164,,,,
3,409,11,Encino,,2018,130,0.89,126,1.5,20,15,MUERTO,,,,,,,
3,410,11,Encino,,2018,173,1.05,175,1.8,10,15,150,2,26,27,,,,
3,411,11,Cenizo,,2018,119,1.04,120,2.1,70,50,115,3,90,131,,,,
3,412,11,Cenizo,,2018,175,1.27,180,2,70,110,177,2,109,130,,,,
3,413,11,Cenizo,,2018,198,1.75,194,2.1,75,120,188,3,130,131,,,,
3,414,11,Cenizo,,2018,198,1.5,180,1.8,80,60,169,3,131,139,,,,
3,415,11,Cenizo,,2018,140,0.94,140,2.1,30,80,MUERTO,,,,,,,
3,416,11,Encino,,2018,129,0.96,120,1,10,15,MUERTO,,,,,,,
3,417,11,Cenizo,,2018,164,1.38,176,1.9,100,120,174,3,151,148,,,,
3,418,11,Anacahuita,,2018,146,1.27,,,,,MUERTO,,,,,,,
3,419,11,Encino,,2018,135,0.56,,,,,,,,,,,,
3,420,11,Cenizo,,2018,152,0.92,164,1.5,50,60,155,2,89,123,,,,
3,421,11,Cenizo,,2018,153,0.87,140,1.7,30,50,100,2,140,131,,,,
3,422,11,Cenizo,,2018,198,1.69,200,2.2,70,100,210,2,103,120,,,,
3,423,11,Cenizo,,2018,145,1.15,105,2.4,40,35,91,1,93,108,,,,
3,424,11,Cenizo,,2018,150,0.76,143,1.7,30,60,108,2,157,127,,,,
3,425,11,Cenizo,,2018,150,0.96,80,1,30,40,102,2,69,83,,,,
3,426,11,Encino,,2018,140,0.6,146,1.5,10,10,MUERTO,,,,,,,
3,427,11,Cenizo,,2018,145,1.31,156,2,70,60,140,2,140,134,,,,
3,428,11,Cenizo,,2018,152,1.82,145,2.1,80,110,141,3,132,160,,,,
3,429,11,Encino,,2018,144,0.89,140,1,10,10,,,,,,,,
3,430,12,Anacahuita,CENIZO,2018,177,1.78,75,1.5,50,60,52,1,60,71,,,,
3,431,12,Anacahuita,CENIZO,2018,178,2.56,80,1,40,30,MUERTO,,,,,,,
3,432,12,Anacahuita,,2018,197,2.44,182,2.2,80,60,MUERTO,,,,,,,
3,433,12,Anacahuita,,2018,196,1.32,160,1.7,20,15,158,3,40,37,,,,
3,434,12,Anacahuita,,2018,142,2.16,180,2.1,110,113,180,5,198,206,,,,
3,435,12,Anacahuita,,2018,135,1.81,150,2,50,70,153,4,191,160,,,,
3,436,12,Anacahuita,,2018,176,1.46,191,2.7,40,90,185,5,161,192,,,,
3,437,12,Anacahuita,,2018,159,1.85,153,1,10,10,MUERTO,,,,,,,
3,438,12,Anacahuita,,2018,135,1.68,162,2.8,50,63,160,4,162,170,,,,
3,439,12,Encino,,2018,124,0.97,142,1,20,30,133,1,29,49,,,,
3,440,12,Anacahuita,,2018,132,1.94,124,1.7,15,10,MUERTO,,,,,,,
3,441,12,Anacahuita,,2018,163,1.26,160,1,10,15,158,3,49,47,,,,
3,442,12,Anacahuita,,2018,153,1.78,127,1.5,25,40,MUERTO,,,,,,,
3,443,12,Anacahuita,,2018,177,1.14,130,2.5,20,30,144,2,69,87,,,,
3,444,12,Anacahuita,,2018,150,2.41,107,1.1,15,10,115,1,52,48,,,,
3,445,12,Encino,,2018,140,0.7,70,1.2,10,10,,,,,,,,
3,446,12,Anacahuita,,2018,120,1.23,140,1,10,10,MUERTO,,,,,,,
3,447,12,Anacahuita,,2018,168,1.71,142,1.2,15,10,MUERTO,,,,,,,
3,448,12,Encino,,2018,155,0.73,120,1,10,10,,,,,,,,
3,449,12,Anacahuita,,2018,142,2.19,156,1,10,10,140,4,123,141,,,,
3,450,12,Anacahuita,,2018,159,1.34,144,2.5,90,80,140,4,235,210,,,,
3,451,12,Anacahuita,,2018,150,1.07,173,2,30,60,180,4,150,118,,,,
3,452,12,Anacahuita,,2018,141,2.06,,,,,MUERTO,,,,,,,
3,453,12,Anacahuita,,2018,131,1.75,142,2,40,60,160,3,163,142,,,,
3,454,12,Anacahuita,,2018,130,1.41,,,,,MUERTO,,,,,,,
3,455,12,Anacahuita,,2018,141,1.21,146,2.6,60,90,160,4,181,53,,,,
3,456,12,Anacahuita,,2018,172,2.19,190,2.9,70,80,177,3,166,139,,,,
3,457,12,Anacahuita,,2018,163,1.83,170,2.2,30,50,143,3,100,135,,,,
3,458,12,Anacahuita,,2018,150,0.85,110,1.5,10,10,115,1,20,25,,,,
3,459,12,Encino,,2018,140,1.17,136,1.8,30,40,140,2,31,60,,,,
3,460,12,Anacahuita,,2018,137,1.76,110,1.7,15,10,120,1,41,51,,,,
3,461,12,Anacahuita,,2018,129,1.07,130,2.8,90,70,147,5,173,189,,,,
3,462,12,Encino,,2018,157,1.11,137,1,10,10,120,1,17,20,,,,
3,463,13,Cenizo,,2018,180,1.09,187,1.5,80,60,,,,,,,,
3,464,13,Cenizo,,2018,200,2.13,152,3.5,70,90,150,3,110,120,,,,
3,465,13,Cenizo,,2018,174,1.57,63,1.8,20,30,70,3,41,36,,,,
3,466,13,Cenizo,,2018,230,1.73,220,2.5,70,110,170,3,116,200,,,,
3,467,13,Cenizo,,2018,147,0.71,146,1.2,50,40,MUERTO,,,,,,,
3,468,13,Cenizo,,2018,131,1.04,150,2.1,60,80,139,3,110,156,,,,
3,469,13,Cenizo,,2018,220,2.5,104,2.3,40,70,80,3,78,84,,,,
3,470,13,Cenizo,,2018,200,2.06,170,3.4,40,70,130,3,168,192,,,,
3,471,13,Encino,,2018,140,0.79,127,1,10,10,,,,,,,,
3,472,13,Cenizo,,2018,140,1.45,145,1.5,40,30,130,2,112,94,,,,
3,473,13,Cenizo,,2018,135,1.13,90,2,30,40,100,2,77,89,,,,
3,474,13,Encino,,2018,160,0.74,170,0.8,10,10,MUERTO,,,,,,,
3,475,13,Cenizo,,2018,170,1.41,90,1.7,40,60,117,2,95,87,,,,
3,476,13,Encino,,2018,140,0.76,130,1.2,10,10,MUERTO,,,,,,,
3,477,13,Cenizo,,2018,177,1,180,1.6,60,50,,,,,,,,
3,478,13,Cenizo,,2018,170,1.86,175,3,80,100,160,4,153,142,,,,
3,479,13,Cenizo,,2018,154,1.24,153,2.1,80,90,170,3,99,120,,,,
3,480,13,Cenizo,,2018,140,2.33,142,2,50,90,170,3,90,100,,,,
3,481,13,Cenizo,,2018,207,1.53,160,1.5,110,80,160,3,180,150,,,,
3,482,13,Encino,,2018,138,0.69,130,1.1,15,10,MUERTO,,,,,,,
3,483,13,Cenizo,,2018,162,1.18,154,2,80,100,140,3,88,120,,,,
3,484,13,Cenizo,,2018,139,0.74,143,1.5,30,50,100,2,102,90,,,,
3,485,13,Cenizo,,2018,150,1.47,145,2.2,50,70,112,3,83,246,,,,
3,486,13,Cenizo,,2018,186,1.54,190,1.9,70,50,200,2,99,104,,,,
3,487,13,Cenizo,,2018,142,1.13,130,2.4,40,50,130,2,120,80,,,,
3,488,13,Cenizo,,2018,185,2.31,178,2.8,110,130,185,3,112,165,,,,
3,489,13,Encino,,2018,173,0.75,33,1,10,10,MUERTO,,,,,,,
3,490,13,Encino,,2018,130,1.33,150,1.5,15,10,,,,,,,,
3,491,13,Cenizo,,2018,209,2.55,182,3.3,40,60,200,3,76,115,,,,
3,492,13,Cenizo,,2018,166,1.2,174,2.2,70,60,160,3,109,120,,,,
3,493,13,Cenizo,,2018,195,2.82,210,3.4,80,90,215,3,130,110,,,,
3,494,13,Cenizo,,2018,162,0.82,86,1,30,38,MUERTO,,,,,,,
3,495,14,Encino,,2018,180,1.1,177,1.7,20,15,MUERTO,,,,,,,
3,496,14,Anacahuita,,2018,150,1.65,156,2.2,40,50,156,3,149,114,,,,
3,497,14,Encino,,2018,125,0.73,140,1,10,10,MUERTO,,,,,,,
3,498,14,Encino,,2018,150,0.73,162,1.5,15,20,MUERTO,,,,,,,
3,499,14,Anacahuita,,2018,159,2.79,180,3.4,70,50,170,5,185,170,,,,
3,500,14,Encino,CENIZO,2018,165,2.09,97,1,20,15,71,1,51,90,,,,
3,501,14,Encino,,2018,140,0.74,40,0.5,15,10,MUERTO,,,,,,,
3,502,14,Anacahuita,,2018,150,0.23,,,,,MUERTO,,,,,,,
3,503,14,Anacahuita,,2018,130,2.13,158,2.2,80,100,156,4,170,171,,,,
3,504,14,Anacahuita,,2018,150,1.66,150,2,20,40,147,2,58,80,,,,
3,505,14,Anacahuita,,2018,170,1.8,176,3.2,60,70,166,3,160,131,,,,
3,506,14,Anacahuita,,2018,190,2.07,210,2.5,80,70,194,5,172,167,,,,
3,507,14,Encino,,2018,127,0.69,133,1,15,10,MUERTO,,,,,,,
3,508,14,Anacahuita,,2018,158,2.08,157,2.6,40,80,173,4,162,150,,,,
3,509,14,Anacahuita,,2018,162,2.42,120,2,40,30,MUERTO,,,,,,,
3,510,14,Anacahuita,,2018,142,1.81,150,3.4,70,60,170,4,134,151,,,,
3,511,14,Anacahuita,,2018,177,2.35,180,2.6,30,40,160,4,120,100,,,,
3,512,14,Anacahuita,,2018,173,2.01,107,1.6,50,40,110,2,94,86,,,,
3,513,14,Anacahuita,,2018,137,2,140,2.6,90,100,163,3,145,156,,,,
3,514,14,Anacahuita,,2018,144,1.75,146,2.7,90,70,150,3,173,166,,,,
3,515,14,Anacahuita,,2018,160,2.42,170,3,80,90,188,3,190,147,,,,
3,516,14,Anacahuita,,2018,164,1.6,,,,,MUERTO,,,,,,,
3,517,14,Anacahuita,,2018,169,2.15,155,2.8,70,80,165,4,153,140,,,,
3,518,14,Anacahuita,,2018,140,1.85,149,3.6,93,89,175,3,170,177,,,,
3,519,14,Anacahuita,,2018,131,1.53,141,2,31,22,130,2,51,80,,,,
3,520,14,Anacahuita,,2018,159,1.86,137,1.5,10,10,160,2,17,16,,,,
3,521,14,Anacahuita,,2018,154,1.98,91,1.5,23,12,100,1,51,50,,,,
3,522,14,Anacahuita,,2018,156,1.6,103,3.5,107,122,134,4,176,194,,,,
3,523,14,Anacahuita,,2018,180,2.38,179,2.8,113,96,4,3,200,144,,,,
3,524,14,Encino,,2018,152,0.88,84,1.5,51,92,MUERTO,,,,,,,
3,525,14,Anacahuita,,2018,93,1,148,2.5,100,103,170,4,151,140,,,,
3,526,14,Anacahuita,,2018,138,1.23,130,2,61,74,130,2,45,59,,,,
3,527,15,Anacahuita,CENIZO,2018,120,1.72,100,1.5,40,30,86,2,78,130,,,,
3,528,15,Cenizo,,2018,170,1.62,152,2,100,80,180,2,150,170,,,,
3,529,15,Cenizo,,2018,160,1.51,190,3,60,100,164,3,163,195,,,,
3,530,15,Cenizo,,2018,155,1.72,174,3.4,120,110,180,3,200,170,,,,
3,531,15,Cenizo,,2018,176,1.96,163,3.6,80,120,170,3,152,178,,,,
3,532,15,Encino,,2018,154,1.02,29,1.8,10,10,,,,,,,,
3,533,15,Cenizo,,2018,135,1.52,147,3.1,90,110,133,2,121,151,,,,
3,534,15,Cenizo,,2018,130,0.91,140,2.2,50,70,134,2,70,126,,,,
3,535,15,Cenizo,,2018,180,1.97,190,2.8,70,80,179,3,155,125,,,,
3,536,15,Encino,,2018,155,1,,,,,,,,,,,,
3,537,15,Cenizo,,2018,206,1.62,204,4,80,70,180,3,141,170,,,,
3,538,15,Cenizo,,2020,154,1.19,68,1.3,50,30,80,1,96,60,,,,
3,539,15,Cenizo,,2020,140,0.71,142,1.9,60,60,126,3,120,102,,,,
3,540,15,Cenizo,,2020,182,1.52,206,3,80,60,173,3,151,180,,,,
3,541,15,Cenizo,,2020,210,1.59,88,1.5,40,60,97,1,90,94,,,,
3,542,15,Cenizo,,2020,135,0.76,146,2.2,80,60,74,2,66,58,,,,
3,543,15,Cenizo,,2020,140,1.43,162,2.8,80,100,167,3,150,152,,,,
3,544,15,Encino,,2020,157,0.77,135,1.8,20,15,MUERTO,,,,,,,
3,545,15,Cenizo,,2020,133,0.73,129,2.2,30,25,90,2,133,80,,,,
3,546,15,Cenizo,,2020,153,0.97,144,4.2,40,35,126,2,124,97,,,,
3,547,15,Cenizo,,2020,162,1.57,138,2.7,70,60,165,2,110,135,,,,
3,548,15,Cenizo,,2020,180,1.72,183,2.4,50,70,182,3,110,112,,,,
3,549,15,Cenizo,,2020,129,1.11,142,1.5,30,50,114,3,112,118,,,,
3,550,15,Cenizo,,2020,152,1.27,156,1.8,60,70,140,3,83,93,,,,
3,551,15,Cenizo,,2020,170,1.61,,,,,MUERTO,,,,,,,
3,552,15,Cenizo,,2020,155,1.41,120,1,30,15,54,1,20,25,,,,
3,553,15,Cenizo,,2020,176,1.66,210,3,50,80,220,4,151,162,,,,
3,554,15,Encino,,2020,144,1.15,146,1.2,10,15,MUERTO,,,,,,,
3,555,15,Encino,,2020,158,0.85,158,1.5,10,10,MUERTO,,,,,,,
3,556,15,Cenizo,,2020,183,1.5,186,3,60,80,170,3,130,142,,,,
3,557,15,Cenizo,,2020,110,1.38,150,2.2,60,80,130,2,140,141,,,,
3,558,15,Cenizo,,2020,163,1.58,178,1,30,60,MUERTO,,,,,,,
3,559,15,Cenizo,,2020,113,0.91,120,4,70,60,160,2,140,103,,,,
3,560,16,Anacahuita,,2020,124,1.77,141,2,40,60,110,3,91,160,,,,
3,561,16,Encino,,2020,114,1.77,164,1,10,10,,,,,,,,
3,562,16,Anacahuita,CENIZO,2020,123,1.41,102,0.9,30,40,110,1,71,80,,,,
3,563,16,Anacahuita,CENIZO,2020,162,1.12,100,0.7,30,25,97,1,58,57,,,,
3,564,16,Anacahuita,,2020,143,2.58,170,2.8,100,110,161,3,118,150,,,,
3,565,16,Anacahuita,,2020,149,1.25,116,2.1,10,15,91,1,39,50,,,,
3,566,16,Anacahuita,,2020,143,0.81,131,1.5,30,40,97,1,50,45,,,,
3,567,16,Anacahuita,,2020,125,1.47,124,1,10,15,118,1,39,48,,,,
3,568,16,Anacahuita,,2020,141,1.18,114,2.2,40,60,90,1,70,110,,,,
3,569,16,Anacahuita,,2020,150,2.02,162,3,50,70,160,3,121,140,,,,
3,570,16,Anacahuita,,2020,160,1.87,174,1.8,70,60,170,4,178,160,,,,
3,571,16,Anacahuita,,2020,102,0.89,122,2.3,30,40,140,3,182,190,,,,
3,572,16,Encino,,2020,156,1.03,30,0.4,10,10,,,1,,,,,
3,573,16,Anacahuita,,2020,180,2.05,215,2.9,60,90,222,4,196,160,,,,
3,574,16,Anacahuita,,2020,140,1.77,152,2,70,50,136,2,121,100,,,,
3,575,16,Anacahuita,,2020,170,1.96,122,1.5,10,10,122,1,20,25,,,,
3,576,16,Anacahuita,,2020,135,2.16,141,1.9,40,50,130,1,70,110,,,,
3,577,16,Anacahuita,,2020,155,1.44,158,1.6,40,70,150,2,122,127,,,,
3,578,16,Anacahuita,,2020,125,1.82,147,3.2,70,50,140,4,161,166,,,,
3,579,16,Anacahuita,,2020,160,1.09,176,2,10,15,162,3,133,121,,,,
3,580,16,Encino,,2020,150,0.86,140,0.8,10,10,MUERTO,,,,,,,
3,581,16,Anacahuita,,2020,138,1.57,,,,,MUERTO,,,,,,,
3,582,16,Anacahuita,,2020,107,1.56,120,1.1,10,15,87,2,100,109,,,,
3,583,16,Anacahuita,,2020,135,1.68,140,1.3,10,10,96,1,82,79,,,,
3,584,16,Anacahuita,,2020,171,2.44,180,2,10,10,199,2,25,24,,,,
3,585,16,Anacahuita,,2020,169,1.47,110,1.7,20,15,140,2,40,47,,,,
3,586,16,Encino,,2020,153,0.51,152,1.5,20,25,MUERTO,,,,,,,
3,587,16,Anacahuita,,2020,140,1.57,162,2.8,60,70,150,3,153,160,,,,
3,588,16,Anacahuita,,2020,165,1.77,160,3,60,80,180,4,170,159,,,,
3,589,16,Anacahuita,,2020,176,2.84,158,1.5,10,10,MUERTO,,,,,,,
3,590,16,Anacahuita,,2020,160,1.92,190,3.5,90,100,250,3,240,249,,,,
3,591,16,Anacahuita,,2020,180,1.77,186,3,30,50,185,4,130,140,,,,
3,592,17,Potro,,2020,185,1.07,224,2,120,110,300,4,140,125,,,,
3,593,17,Potro,,2020,195,1.5,213,2.7,80,110,245,3,158,189,,,,
3,594,17,Potro,,2020,220,2.24,260,3,100,113,250,4,145,159,,,,
3,595,17,Encino,,2020,153,0.77,151,1.5,30,20,132,2,120,110,,,,
3,596,17,Potro,,2020,230,1.2,128,2.5,71,63,145,3,148,129,,,,
3,597,17,Potro,,2020,170,1.79,205,3.2,101,118,200,3,132,126,,,,
3,598,17,Potro,,2020,200,1.67,233,2.9,124,135,170,3,100,125,,,,
3,599,17,Potro,,2020,120,0.67,150,2.2,98,97,160,3,198,175,,,,
3,600,17,Potro,,2020,160,1.5,182,2.9,120,110,150,3,198,140,,,,
3,601,17,Encino,,2020,150,0.74,152,1.5,15,10,MUERTO,,,,,,,
3,602,17,Potro,,2020,102,0.82,178,1.7,40,60,200,2,100,112,,,,
3,603,17,Potro,,2020,158,1.45,200,3.2,90,70,171,3,110,132,,,,
3,604,17,Potro,,2020,170,1.35,198,3.3,80,100,168,3,149,138,,,,
3,605,17,Potro,,2020,120,1.07,164,2.9,120,100,176,3,162,176,,,,
3,606,17,Potro,,2020,123,0.78,174,2.8,160,120,181,3,169,176,,,,
3,607,17,Potro,,2020,120,0.64,185,2.2,140,130,175,2,130,138,,,,
,,,Potro,,2020,,,160,1.9,50,60,MUERTO,,,,,,,
3,608,17,Encino,,2020,130,0.8,142,1,10,10,130,3,140,110,,,,
3,609,17,Potro,,2020,132,0.75,110,2,70,110,176,3,159,170,,,,
3,610,17,Potro,,2020,152,1.12,177,2.3,110,120,192,3,100,120,,,,
3,611,17,Potro,,2020,190,1.18,205,2.5,60,70,180,3,252,192,,,,
3,612,17,Potro,,2020,152,1.19,175,2.7,80,120,163,3,152,168,,,,
3,613,17,Potro,,2020,183,1.12,200,2.7,80,110,176,3,120,138,,,,
3,614,17,Potro,,2020,140,0.85,173,2.6,80,70,MUERTO,,,,,,,
3,615,17,Encino,,2020,140,0.79,152,1,15,10,180,3,168,125,,,,
3,616,17,Potro,,2020,130,0.85,200,3,110,90,168,3,140,172,,,,
3,617,17,Potro,,2020,115,0.87,157,4,113,140,165,2,100,98,,,,
3,618,17,Potro,,2020,130,0.97,180,1.7,100,90,160,4,194,190,,,,
3,619,17,Potro,,2020,123,1.67,153,3.3,120,130,165,2,123,140,,,,
3,620,17,Potro,,2020,132,0.71,165,1.7,90,80,138,2,141,152,,,,
3,621,17,Potro,,2020,120,0.77,130,3.3,60,80,,,,,,,,
3,622,17,Encino,,2020,150,0.82,154,1.7,15,20,,,,,,,,
3,623,18,Cenizo,,2020,160,1.88,171,2.7,80,120,165,3,125,138,,,,
3,624,18,Cenizo,,2020,140,1.74,152,2.4,90,100,159,3,110,128,,,,
3,625,18,Cenizo,,2020,143,1.82,213,2.9,120,110,180,3,185,192,,,,
3,626,18,Encino,,2020,145,0.8,134,0.8,10,10,,,,,,,,
3,627,18,Cenizo,,2020,130,1,150,1,30,50,120,2,80,79,,,,
3,628,18,Cenizo,,2020,145,1.34,160,2.8,40,50,155,2,149,120,,,,
3,629,18,Cenizo,,2020,150,1.03,,,,,MUERTO,,,,,,,
3,630,18,Cenizo,,2020,153,1,163,2.1,20,40,142,2,198,135,,,,
3,631,18,Cenizo,,2020,170,1.02,112,1,30,37,110,2,120,80,,,,
3,632,18,Cenizo,,2020,150,1.48,184,2.3,70,80,181,2,149,155,,,,
3,633,18,Cenizo,,2020,185,1.86,177,2.2,60,80,MUERTO,,,,,,,
3,634,18,Cenizo,,2020,163,1.41,150,1.8,30,40,180,1,80,59,,,,
3,635,18,Cenizo,,2020,150,1.06,172,1,20,25,MUERTO,,,,,,,
3,636,18,Cenizo,,2020,169,0.81,162,1.7,40,50,135,2,134,80,,,,
3,637,18,Cenizo,,2020,153,1.2,228,3,80,90,210,3,121,152,,,,
3,638,18,Cenizo,,2020,220,1.84,105,1,20,40,100,2,58,48,,,,
3,639,18,Cenizo,,2020,170,1.26,210,2.5,120,110,192,2,131,153,,,,
3,640,18,Cenizo,,2020,200,1.67,64,1.8,40,60,100,3,79,80,,,,
3,641,18,Cenizo,,2020,167,0.98,67,1.4,10,15,55,2,49,50,,,,
3,642,18,Encino,,2020,193,1.06,185,1.6,15,10,MUERTO,,,,,,,
3,643,18,Cenizo,,2020,152,1,,,,,MUERTO,,,,,,,
3,644,18,Cenizo,,2020,160,1.35,,,,,70,1,60,61,,,,
3,645,18,Cenizo,,2020,180,1.82,100,1,15,20,133,2,90,75,,,,
3,646,18,Cenizo,,2020,125,0.94,120,1.8,60,40,149,3,101,135,,,,
3,647,18,Cenizo,,2020,158,1.18,163,2.3,40,50,100,2,94,81,,,,
3,648,18,Cenizo,,2020,200,1.32,110,1.3,40,30,165,3,120,131,,,,
3,649,18,Cenizo,,2020,170,1.62,,,,,150,3,101,13,,,,
3,650,18,Cenizo,,2020,153,1.59,170,2.2,80,110,,,,,,,,
3,651,18,Encino,,2020,130,6.1,130,1.7,10,15,MUERTO,,,,,,,
3,652,18,Cenizo,,2020,180,1.61,180,2.3,70,100,150,2,95,146,,,,
3,653,18,Cenizo,,2020,230,1.64,110,1.8,40,50,80,1,88,89,,,,
3,654,18,Cenizo,,2020,152,1.05,114,1.5,40,30,100,2,71,69,,,,
3,655,18,Cenizo,,2020,145,0.97,113,2.2,20,25,,,,,,,,
3,656,19,Encino,,2020,150,0.68,73,1,10,10,,,,,,,,
3,657,19,Cenizo,,2020,170,1.64,176,1.5,110,130,178,3,196,152,,,,
3,658,19,Encino,,2020,148,0.77,174,1.2,10,15,MUERTO,,,,,,,
3,659,19,Cenizo,,2020,170,1.58,192,2.4,80,120,MUERTO,,,,,,,
3,660,19,Anacahuita,,2020,155,2.78,166,3.5,80,60,160,3,140,150,,,,
3,661,19,Anacahuita,,2020,176,2.45,110,1.5,15,10,218,6,163,210,,,,
3,662,19,Anacahuita,,2020,130,1.73,134,108,40,30,110,3,92,87,,,,
3,663,19,Anacahuita,,2020,143,1.83,193,2.3,10,15,MUERTO,,,,,,,
3,664,19,Encino,,2020,140,0.67,120,1.7,10,10,MUERTO,,,,,,,
3,665,19,Anacahuita,,2020,190,1.6,,,,,161,3,144,150,,,,
3,666,19,Anacahuita,,2020,155,1.64,133,1.7,15,10,90,2,32,53,,,,
3,667,19,Anacahuita,,2020,136,1.55,140,1.8,70,50,110,2,100,69,,,,
3,668,19,Anacahuita,,2020,130,2.29,173,1,10,15,MUERTO,,,,,,,
3,669,19,Encino,,2020,170,0.84,198,2.8,40,60,MUERTO,,,,,,,
3,670,19,Anacahuita,,2020,140,1.61,114,2.3,10,15,MUERTO,,,,,,,
3,671,19,Anacahuita,,2020,150,1.19,107,1.3,10,15,MUERTO,,,,,,,
3,672,19,Anacahuita,,2020,131,1.49,108,0.9,10,10,110,2,27,32,,,,
3,673,19,Anacahuita,,2020,170,1.84,,,,,137,2,92,82,,,,
3,674,19,Encino,,2020,160,0.97,,,,,MUERTO,,,,,,,
3,675,19,Anacahuita,,2020,185,1.97,,,,,181,3,152,180,,,,
3,676,19,Anacahuita,,2020,146,1.49,,,,,MUERTO,,,,,,,
3,677,19,Anacahuita,,2020,203,2.75,,,,,MUERTO,,,,,,,
3,678,19,Anacahuita,,2020,230,2.52,,,,,MUERTO,,,,,,,
3,679,19,Cenizo,,2020,180,1.99,142,3.5,81,91,,,,,,,,
3,680,20,Cenizo,,2020,143,1.26,210,3,160,150,181,4,133,163,,,,
3,681,20,Cenizo,,2020,203,1.8,141,3,101,110,164,3,101,137,,,,
3,682,20,Encino,,2020,150,0.59,110,1,30,24,,,,,,,,
3,683,20,Cenizo,,2020,146,1.55,140,3.2,93,81,150,2,133,112,,,,
3,684,20,Cenizo,,2020,188,1.67,181,2.8,91,120,187,3,172,153,,,,
3,685,20,Cenizo,,2020,140,1.97,142,2.2,107,131,161,2,155,146,,,,
3,686,20,Cenizo,,2020,137,1.36,131,2.4,82,93,141,3,78,97,,,,
3,687,20,Cenizo,,2020,143,0.76,113,2.5,53,92,122,3,129,125,,,,
3,688,20,Cenizo,,2020,190,1.01,171,2.6,90,110,174,2,87,121,,,,
3,689,20,Encino,,2020,170,0.91,136,1.5,21,32,MUERTO,,,,,,,
3,690,20,Cenizo,,2020,166,1.19,100,2.8,69,75,112,2,82,91,,,,
3,691,20,Cenizo,,2020,155,1.21,91,3,61,45,MUERTO,,,,,,,
3,692,20,Cenizo,,2020,177,1.44,164,2.8,139,144,164,3,167,191,,,,
3,693,20,Cenizo,,2020,130,0.89,165,1.4,111,88,120,3,91,118,,,,
3,694,20,Cenizo,,2020,163,1.65,163,3,98,96,131,3,134,184,,,,
3,695,20,Encino,,2020,153,0.89,164,1.3,10,15,,,,,,,,
3,696,20,Cenizo,,2020,165,1.29,174,1.5,112,105,162,3,154,183,,,,
3,697,20,Cenizo,,2020,154,1.06,98,2.8,103,91,121,3,84,131,,,,
3,698,20,Cenizo,,2020,145,1.64,103,1.3,51,55,101,1,131,65,,,,
3,699,20,Encino,,2020,142,0.68,135,1,15,12,,,,,,,,
3,700,21,Anacahuita,,2020,150,1.58,111,1,10,15,120,2,133,112,,,,
3,701,21,Anacahuita,,2020,150,1.53,113,1.8,20,25,109,3,117,115,,,,
3,702,21,Anacahuita,,2020,157,1.76,133,1.8,12,10,134,3,63,57,,,,
3,703,21,Anacahuita,,2020,156,2.67,,,,,MUERTO,,,,,,,
3,704,21,Anacahuita,,2020,173,1.69,92,1,40,10,82,1,110,80,,,,
3,705,21,Anacahuita,,2020,157,2.08,153,3,30,25,155,2,103,99,,,,
3,706,21,Anacahuita,,2020,170,2.42,170,2,15,20,165,2,80,73,,,,
3,707,21,Anacahuita,,2020,145,2.44,152,3,60,50,142,4,181,184,,,,
3,708,21,Encino,,2020,160,0.94,43,1,10,10,MUERTO,,,,,,,
3,709,21,Anacahuita,,2020,177,1.97,183,2,15,11,170,2,60,81,,,,
3,710,21,Anacahuita,,2020,145,2.49,130,3,10,11,70,1,70,85,,,,
3,711,21,Anacahuita,,2020,168,2.6,140,0.5,7,10,116,2,41,50,,,,
3,712,21,Anacahuita,,2020,195,1.98,130,2,15,20,77,2,70,63,,,,
3,713,21,Encino,,2020,145,0.89,146,0.5,10,20,MUERTO,,,,,,,
3,714,21,Anacahuita,,2020,160,1.89,163,3.2,40,50,165,4,138,162,,,,
3,715,21,Anacahuita,,2020,210,2.07,210,2.5,15,20,MUERTO,,,,,,,
3,716,21,Anacahuita,,2020,130,1.3,125,2,40,15,120,3,138,140,,,,
3,717,21,Anacahuita,,2020,173,2.78,170,3,40,30,151,3,123,120,,,,
3,718,21,Anacahuita,,2020,158,3.05,151,5,147,140,,,,,,,,
3,719,21,Potro,,2020,220,1.91,193,4,123,128,186,3,162,155,,,,
3,720,22,Potro,,2020,240,2.29,290,4.8,205,191,257,3,253,257,,,,
3,721,22,Potro,,2020,132,0.83,155,4.5,202,172,170,3,190,176,,,,
3,722,22,Potro,,2020,159,0.85,160,0.8,10,10,,,,,,,,
3,723,22,Potro,,2020,160,0.89,,,,,,,,,,,,
3,724,22,Encino,,2020,160,0.87,,,,,160,3,150,178,,,,
3,725,22,Potro,,2020,145,1.25,163,3.2,102,104,150,3,199,175,,,,
3,726,22,Potro,,2020,152,1.26,131,4,100,135,170,2,99,110,,,,
3,727,22,Potro,,2020,154,1.17,184,2,72,84,186,4,110,128,,,,
3,728,22,Potro,,2020,190,1.32,183,3.5,131,190,,,,,,,,
3,729,22,Encino,,2020,150,0.65,129,1.5,30,20,160,3,120,138,,,,
3,730,22,Potro,,2020,130,0.74,141,2,65,68,165,3,210,205,,,,
3,731,22,Potro,,2020,130,0.69,150,2.5,112,120,128,3,110,128,,,,
3,732,22,Potro,,2020,208,1.59,220,2.8,79,91,192,3,180,187,,,,
3,733,22,Potro,,2020,167,1.18,200,3,109,111,185,3,130,127,,,,
3,734,22,potro,,2020,200,1.61,210,2.5,106,123,99,1,31,59,,,,
3,735,22,Potro,,2020,164,2.11,129,0.8,20,25,,,,,,,,
3,736,22,Encino,POTRO,2020,190,1.22,137,0.5,10,10,,,,,,,,
3,737,22,Potro,,2020,165,1.33,166,2,97,140,,,,,,,,
3,738,22,Potro,,2020,240,1.35,254,3,166,172,,,,,,,,
3,739,22,Cenizo,,2020,190,1.3,200,1.5,25,20,,,,,,,,
3,740,23,Cenizo,,2020,145,0.83,162,2,70,73,,,,,,,,
3,741,23,Encino,,2020,143,0.59,144,0.4,10,12,,,,,,,,
3,742,23,Cenizo,,2020,164,1.21,155,2,60,90,,,,,,,,
3,743,23,Cenizo,,2020,150,1.62,100,1.5,50,60,,,,,,,,
3,744,23,Cenizo,,2020,200,1.36,85,2,40,50,,,,,,,,
3,745,23,Cenizo,,2020,146,1.71,165,2.2,70,50,,,,,,,,
3,746,23,Cenizo,,2020,152,1.19,150,1.5,60,80,,,,,,,,
3,747,23,Cenizo,,2020,140,1.41,,,,,,,,,,,,
3,748,23,Encino,,2020,115,0.69,,,,,,,,,,,,
3,749,23,Cenizo,,2020,150,1.14,133,1.8,50,40,,,,,,,,
3,750,23,Cenizo,,2020,140,1.83,120,1.2,70,60,,,,,,,,
3,751,23,Cenizo,,2020,170,1.63,90,0.8,50,50,,,,,,,,
3,752,23,Cenizo,,2020,155,1.89,153,2.5,80,70,,,,,,,,
3,753,23,Anacahuita,,2020,148,2.44,142,2,39,25,,,,,,,,
3,754,24,Anacahuita,,2020,177,2.79,110,1.8,22,18,,,,,,,,
3,755,24,Anacahuita,,2020,143,1.95,121,1,10,10,,,,,,,,
3,756,24,Anacahuita,,2020,170,3.32,110,1.8,37,45,,,,,,,,
3,757,24,Encino,,2020,125,0.79,150,0.5,40,45,,,,,,,,
3,758,24,Anacahuita,,2020,151,2.46,121,1.7,17,19,,,,,,,,
3,759,24,Anacahuita,,2020,140,2.31,142,2,10,30,,,,,,,,
3,760,24,Anacahuita,,2020,198,2.32,222,3,61,45,,,,,,,,
3,761,24,Anacahuita,,2020,254,2.34,139,1.5,10,10,,,,,,,,
3,762,24,,,2020,,,,,,,,,,,,,,
4,763,1,Cenizo,,2020,195,2.36,214,1.91,89,23,227,3,80,89,,,,
4,764,1,Cenizo,,2020,173,1.12,71,1,87,75,87,2,138,70,,,,
4,765,1,Cenizo,,2020,130,0.91,119,1.3,61,46,REB            33,1,18,13,,,,
4,766,1,Cenizo,,2020,142,0.9,117,1.7,37,76,146,4,114,65,,,,
4,767,1,Cenizo,,2020,146,1,94,1.75,91,114,144,3,122,144,,,,
4,768,1,Cenizo,,2020,192,1.49,187,1.3,85,84,190,2,120,138,,,,
4,769,1,Cenizo,,2020,153,0.84,118,1,118,101,163,2,117,120,,,,
4,770,1,Cenizo,,2020,164,1.34,80,0.58,28,126,128,2,129,180,,,,
4,771,1,Cenizo,,2020,142,1.12,107,0.7,76,61,112,2,97,100,,,,
4,772,1,Cenizo,,2020,179,1.22,153,0.3,91,111,164,2,143,146,,,,
4,773,1,Cenizo,,2020,176,1.93,187,0.1,67,51,102,2,69,67,,,,
4,774,1,Cenizo,,2020,192,1.64,197,0.22,116,161,215,3,155,160,,,,
4,775,1,Encino,,2020,142,0.72,74,9,31,72,M,,,,,,,
4,776,1,Cenizo,,2020,143,1.81,111,23,124,153,112,2,117,70,,,,
4,777,1,Cenizo,,2020,204,0.87,121,11,131,129,144,2,132,40,,,,
4,778,1,Cenizo,,2020,124,0.72,,,,,NE,,,,,,,
4,779,2,Encino,,2020,136,0.69,126,11,32,35,REB            27,1,12,10,,,,
4,780,2,Anacahuita,,2020,135,1.33,151,23,64,68,173,4,137,114,,,,
4,781,2,Anacahuita,,2020,190,2.33,131,17,43,38,137,2,66,62,,,,
4,782,2,Anacahuita,,2020,145,1.09,131,15,57,64,136,2,99,94,,,,
4,783,2,Anacahuita,,2020,171,2.43,166,27,,,M,,,,,,,
4,784,2,Anacahuita,,2020,150,1.48,148,16,61,61,132,2,74,106,,,,
4,785,2,Anacahuita,,2020,149,1.69,171,28,76,79,193,4,127,138,,,,
4,786,2,Anacahuita,,2020,172,1.93,178,37,1.2,117,191,5,114,140,,,,
4,787,2,Anacahuita,,2020,130,1.3,129,39,80,91,144,4,137,105,,,,
4,788,2,Anacahuita,,2020,157,1.74,130,34,100,98,141,4,120,124,,,,
4,789,2,Anacahuita,,2020,147,1.17,118,23,133,135,153,4,184,166,,,,
4,790,2,Anacahuita,,2020,160,2.86,169,50,95,130,172,5,107,135,,,,
4,791,2,Anacahuita,,2020,153,1.82,137,21,,,M,,,,,,,
4,792,2,Anacahuita,,2020,163,1.99,189,37,90,89,183,2,70,50,,,,
4,793,2,Anacahuita,,2020,150,1.57,137,29,92,120,125,2,115,60,,,,
4,794,2,Anacahuita,,2020,125,1.97,165,34,160,119,108,2,66,88,,,,
4,795,3,Vara dulce,,2020,150,0.89,143,13,76,78,148,2,150,116,,,,
4,796,3,Vara dulce,,2020,130,0.62,125,12,100,109,152,2,76,56,,,,
4,797,3,Vara dulce,,2020,170,0.78,0.23,,39,33,177,2,64,76,,,,
4,798,3,Vara dulce,,2020,185,0.94,190,11,60,68,114,2,72,72,,,,
4,799,3,Vara dulce,,2020,197,1.14,178,18,70,68,157,2,122,114,,,,
4,800,3,Vara dulce,,2020,225,1.08,120,12,60,54,119,2,87,90,,,,
4,801,3,Vara dulce,,2020,174,0.76,165,11,90,93,125,2,157,122,,,,
4,802,3,Vara dulce,,2020,149,1.07,154,13,64,51,176,3,87,90,,,,
4,803,3,Vara dulce,,2020,173,0.87,170,17,81,54,178,2,84,122,,,,
4,804,3,Vara dulce,,2020,189,0.92,183,14,68,73,172,3,106,90,,,,
4,805,3,Vara dulce,,2020,180,0.95,167,12,76,75,NE,,,,,,,
4,806,3,Vara dulce,,2020,129,0.56,115,9,69,83,MM          140,2,50,40,,,,
4,807,3,Vara dulce,,2020,144,0.52,108,11,79,128,144,3,125,122,,,,
4,808,3,Vara dulce,,2020,2.52,1.21,220,13,49,64,132,3,124,158,,,,
4,809,3,Vara dulce,,2020,2.19,0.75,2.07,12,74,80,118,2,94,98,,,,
4,810,3,Vara dulce,,2020,1.78,0.86,170,11,68,50,67,1,55,60,,,,
4,811,3,Vara dulce,,2020,143,0.66,0.3,9,49,50,163,3,170,164,,,,
4,812,4,Encino,,2020,148,0.62,146,14,49,45,NE,,,,,,,
4,813,4,Potro,,2020,166,2.16,0.59,12,70,60,184,3,135,144,,,,
4,814,4,Potro,,2020,153,0.76,114,19,110,115,143,5,209,232,,,,
4,815,4,Potro,,2020,122,0.88,0.95,17,64,82,REB             59,0.5,33,34,,,,
4,816,4,Potro,,2020,142,0.58,0.47,15,50,39,87,1,103,110,,,,
4,817,4,Potro,,2020,184,1.43,160,17,147,150,136,1,54,45,,,,
4,818,4,Encino,,2020,129,1.4,124,11,,,167,2,165,143,,,,
4,819,4,Potro,,2020,157,0.85,155,24,105,118,180,4,204,212,,,,
4,820,4,Potro,,2020,142,0.93,124,26,143,135,233,3,126,141,,,,
4,821,4,Potro,,2020,191,1.34,,,,,107,2,110,105,,,,
4,822,4,Potro,,2020,177,1.31,106,8,46,45,,,,,,,,
4,823,4,Potro,,2020,192,1.3,131,7,36,48,,,,,,,,
4,824,4,Potro,,2020,130,0.69,0,23,109,97,,,,,,,,
4,825,4,Potro,,2020,181,1.39,148,27,160,136,,,,,,,,
4,826,4,Potro,,2020,210,1.06,187,25,87,90,,,,,,,,
4,827,4,Potro,,2020,192,1.54,46,11,39,45,,,,,,,,
4,828,5,Cenizo,,2020,138,1.22,139,18,127,117,172,3,115,129,,,,
4,829,5,Cenizo,,2020,173,1.27,171,22,58,69,M,,,,,,,
4,830,5,Cenizo,,2020,235,1.79,248,23,124,92,257,4,164,126,,,,
4,831,5,Cenizo,,2020,188,1.39,200,20,86,146,MM          107,3,40,34,,,,
4,832,5,Cenizo,,2020,145,0.9,118,10,70,100,M,,,,,,,
4,833,5,Cenizo,,2020,140,0.98,129,16,,,75,2,145,60,,,,
4,834,5,Cenizo,,2020,186,1.79,188,23,83,106,M,,,,,,,
4,835,5,Cenizo,,2020,223,0.92,208,14,135,116,99,2,78,66,,,,
4,836,5,Cenizo,,2020,126,0.9,103,17,76,69,93,2,92,74,,,,
4,837,5,Encino,,2020,150,0.81,,,,,117,3,109,129,,,,
4,838,5,Cenizo,,2020,187,0.98,,,,,107,2,150,67,,,,
4,839,5,Cenizo,,2020,124,1.05,,,,,M,,,,,,,
4,840,5,Cenizo,,2020,170,0.87,,,,,196,3,120,107,,,,
4,841,5,Cenizo,,2020,165,1.54,,,,,182,2,130,113,,,,
4,842,5,Cenizo,,2020,130,1,,,,,117,2,83,55,,,,
4,843,5,Cenizo,,2020,183,1.65,,,,,195,4,110,180,,,,
4,844,5,Encino,,2020,145,0.86,,,,,M,,,,,,,
4,845,6,Anacahuita,,2020,157,2.38,114,7,,,129,4,96,127,,,,
4,846,6,Anacahuita,,2020,138,1.25,,,0,,178,5,210,148,,,,
4,847,6,Anacahuita,,2020,154,2.65,,,0,,129,2,99,95,,,,
4,848,6,Anacahuita,,2020,109,1.37,,,,,NE,,,,,,,
4,849,6,Encino,,2020,215,0.49,,,,,M,,,,,,,
4,850,6,Encino,,2020,157,1.27,,,,,M,,,,,,,
4,851,6,Anacahuita,,2020,172,1.51,,,,,189,5,140,151,,,,
4,852,6,Anacahuita,,2020,132,1.32,,,,,182,4,165,180,,,,
4,853,6,Anacahuita,,2020,176,1.74,,,,,190,4,145,110,,,,
4,854,6,Anacahuita,,2020,146,2.06,,,,,126,2,120,66,,,,
4,855,6,Anacahuita,,2020,158,0.57,,,,,161,2,49,38,,,,
4,856,6,Anacahuita,,2020,167,2.32,,,,,M,,,,,,,
4,857,6,Encino,,2020,137,0.53,,,,,M,,,,,,,
4,858,6,Anacahuita,,2020,157,3.39,,,,,170,6,234,272,,,,
4,859,6,Anacahuita,,2020,166,0.89,,,,,167,4,187,165,,,,
4,860,6,Anacahuita,,2020,151,1.31,,,,,184,3,141,152,,,,
4,861,6,Anacahuita,,2020,157,1.56,,,,,218,4,147,178,,,,
4,862,7,Encino,,2020,119,0.81,,,,,M,,,,,,,
4,863,7,Vara dulce,,2020,218,1.85,,,,,160,3,57,47,,,,
4,864,7,Vara dulce,,2020,235,1.61,,,,,255,3,115,137,,,,
4,865,7,Vara dulce,,2020,214,1.04,,,,,M,,,,,,,
4,866,7,Vara dulce,,2020,236,2.02,,,,,94,3,70,75,,,,
4,867,7,Vara dulce,,2020,250,1.96,,,,,255,3,100,109,,,,
4,868,7,Vara dulce,,2020,229,2.21,,,,,162,2,75,86,,,,
4,869,7,Vara dulce,,2020,187,0.83,,,,,103,2,73,45,,,,
4,870,7,Vara dulce,,2020,160,1,,,,,97,2,66,87,,,,
4,871,7,Vara dulce,,2020,208,1.62,,,,,NE,,,,,,,
4,872,7,Vara dulce,,2020,149,0.65,,,,,208,2,77,59,,,,
4,873,7,Vara dulce,,2020,148,1.4,,,,,143,2,99,68,,,,
4,874,7,Vara dulce,,2020,186,0.92,,,,,242,2,78,49,,,,
4,875,7,Encino,,2020,150,0.95,,,,,114,2,159,88,,,,
4,876,7,Encino,,2020,126,0.64,,,,,NE,,,,,,,
4,877,7,Encino,,2020,164,2.13,,,,,NE,,,,,,,
4,878,8,Encino,,2020,161,1.1,,,,,M,,,,,,,
4,879,8,Potro,,2020,228,1.1,,,,,M,,,,,,,
4,880,8,Potro,,2020,181,1.12,,,,,M,,,,,,,
4,881,8,Potro,,2020,197,1.06,,,,,NE,,,,,,,
4,882,8,Potro,,2020,180,1.44,,,,,144,4,184,194,,,,
4,883,8,Potro,,2020,130,1.09,,,,,167,3,164,192,,,,
4,884,8,Potro,,2020,129,0.9,,,,,158,2,182,178,,,,
4,885,8,Potro,,2020,155,1.15,,,,,167,3,168,183,,,,
4,886,8,Potro,,2020,18,1.12,,,,,152,3,160,227,,,,
4,887,8,Potro,,2020,193,1.14,,,,,NE,,,,,,,
4,888,8,Potro,,2020,161,1.07,,,,,172,3,135,178,,,,
4,889,8,Potro,,2020,165,1.15,,,,,123,0.5,25,22,,,,
4,890,8,Potro,,2020,130,0.75,,,,,196,3,120,145,,,,
4,891,8,Potro,,2020,153,1.15,,,,,115,0.5,45,35,,,,
4,892,8,Potro,,2020,143,1.07,,,,,145,3,136,125,,,,
4,893,8,Potro,,2020,217,2.03,,,,,152,3,100,121,,,,
4,894,9,Cenizo,,2020,163,1.75,187,27,120,130,189,3,127,105,,,,
4,895,9,Cenizo,,2020,165,1.66,153,23,190,96,147,3,98,182,,,,
4,896,9,Cenizo,,2020,195,1.32,167,24,110,90,176,3,106,110,,,,
4,897,9,Cenizo,,2020,151,1.47,136,20,88,127,155,3,127,76,,,,
4,898,9,Cenizo,,2020,219,1.88,124,24,128,116,149,3,82,122,,,,
4,899,9,Cenizo,,2020,200,1.48,167,20,116,137,162,3,115,118,,,,
4,900,9,Cenizo,,2020,155,0.79,140,18,165,180,128,3,130,185,,,,
4,901,9,Cenizo,,2020,129,1.4,,,,,NE,,,,,,,
4,902,9,Cenizo,,2020,203,1.16,150,11,72,94,M,,,,,,,
4,903,9,Cenizo,,2020,158,1.56,90,18,88,75,108,2,95,93,,,,
4,904,9,Cenizo,,2020,167,1.17,185,20,140,102,152,3,183,106,,,,
4,905,9,Cenizo,,2020,156,1.07,157,26,110,115,143,4,106,115,,,,
4,906,9,Cenizo,,2020,156,1.42,107,23,125,154,134,2,157,146,,,,
4,907,9,Cenizo,,2020,253,1.74,103,10,118,157,114,2,132,120,,,,
4,908,9,Cenizo,,2020,148,1.21,128,15,,,M,,,,,,,
4,909,9,Cenizo,,2020,168,1.13,208,21,103,108,193,3,125,62,,,,
4,910,9,Cenizo,,2020,150,1,122,23,62,79,M,,,,,,,
4,911,10,Anacahuita,,2020,130,1.63,124,24,62,48,134,3,82,115,,,,
4,912,10,Encino,,2020,181,1.01,178,19,37,40,M,,,,,,,
4,913,10,Anacahuita,,2020,150,2.3,98,27,107,105,117,4,159,154,,,,
4,914,10,Anacahuita,,2020,152,1.7,155,35,86,80,173,4,178,178,,,,
4,915,10,Encino,,2020,130,0.91,70,9,97,77,M,,,,,,,
4,916,10,Encino,,2020,180,0.93,159,11,104,55,M,,,,,,,
4,917,10,Anacahuita,,2020,158,2.29,97,11,30,37,104,2,54,67,,,,
4,918,10,Anacahuita,,2020,125,1.07,11,12,,,M,,,,,,,
4,919,10,Anacahuita,,2020,164,2.94,164,32,,,M,,,,,,,
4,920,10,Anacahuita,,2020,153,1.55,97,9,25,30,97,2,77,46,,,,
4,921,10,Anacahuita,,2020,135,1.5,138,19,59,69,175,3,127,150,,,,
4,922,10,Anacahuita,,2020,143,1.8,148,20,92,90,145,4,206,195,,,,
4,923,10,Anacahuita,,2020,162,1.47,98,17,40,32,87,1,17,25,,,,
4,924,10,Anacahuita,,2020,159,1.75,158,24,97,93,167,3,149,181,,,,
4,925,10,Anacahuita,,2020,156,1.33,,,,,M,,,,,,,
4,926,10,Anacahuita,,2020,134,1.21,187,34,110,117,213,5,195,202,,,,
4,927,11,Encino,,2020,110,0.81,62,1,,,NE,,,,,,,
4,928,11,Vara dulce,,2020,160,1.03,160,13,98,112,147,2,125,172,,,,
4,929,11,Vara dulce,,2020,160,1.02,135,13,60,57,107,1,77,58,,,,
4,930,11,Encino,,2020,158,1.06,157,13,29,20,M,,,,,,,
4,931,11,Vara dulce,,2020,192,0.99,166,11,73,55,125,2,110,105,,,,
4,932,11,Vara dulce,,2020,131,0.5,85,9,,,M,,,,,,,
4,933,11,Encino,,2020,173,1.33,136,7,23,20,M,,,,,,,
4,934,11,Vara dulce,,2020,190,1.02,160,17,,,M,,,,,,,
4,935,11,Encino,,2020,140,0.79,124,7,,,M,,,,,,,
4,936,11,Vara dulce,,2020,145,0.8,145,12,49,50,129,2,70,76,,,,
4,937,11,Vara dulce,,2020,125,0.84,118,13,126,90,56,2,74,49,,,,
4,938,11,Vara dulce,,2020,172,1.2,164,13,85,56,140,3,87,112,,,,
4,939,11,Vara dulce,,2020,173,0.74,148,10,51,72,125,1,61,114,,,,
4,940,11,Vara dulce,,2020,218,1.43,216,16,75,60,146,2,130,100,,,,
4,941,11,Vara dulce,,2020,144,1,152,13,67,72,135,1,83,88,,,,
4,942,11,Vara dulce,,2020,184,1.03,193,12,51,67,182,1,75,52,,,,
4,943,11,Vara dulce,,2020,152,0.93,159,11,59,48,137,2,52,83,,,,
4,944,12,Cenizo,,2020,190,1.35,194,15,116,112,M,,,,,,,
4,945,12,Cenizo,,2020,205,1.77,117,23,148,89,123,3,149,74,,,,
4,946,12,Cenizo,,2020,197,1.27,69,15,153,110,100,2,107,204,,,,
4,947,12,Cenizo,,2020,147,1.66,176,25,102,104,198,3,120,102,,,,
4,948,12,Encino,,2020,156,0.86,45,7,109,20,NE,,,,,,,
4,949,12,Encino,,2020,145,0.89,94,12,26,23,M,,,,,,,
4,950,12,Cenizo,,2020,186,1.49,178,24,156,96,164,3,137,97,,,,
4,951,12,Cenizo,,2020,202,1.47,179,22,95,130,174,3,120,82,,,,
4,952,12,Encino,,2020,106,0.82,100,9,30,24,M,,,,,,,
4,953,12,Cenizo,,2020,183,0.96,64,14,104,148,57,2,152,74,,,,
4,954,12,Cenizo,,2020,173,0.98,156,12,70,116,157,3,119,122,,,,
4,955,12,Encino,,2020,96,0.89,34,7,20,118,M,,,,,,,
4,956,12,Cenizo,,2020,150,1.03,,,,,M,,,,,,,
4,957,12,Cenizo,,2020,158,2.14,184,28,97,121,190,3,129,95,,,,
4,958,13,Anacahuita,,2020,189,2.01,209,29,84,83,212,4,167,189,,,,
4,959,13,Anacahuita,,2020,136,1.4,157,30,86,77,178,4,174,179,,,,
4,960,13,Anacahuita,,2020,180,1.85,178,27,87,89,184,3,152,147,,,,
4,961,13,Anacahuita,,2020,156,1.64,165,24,58,46,180,3,124,169,,,,
4,962,13,Anacahuita,,2020,134,0.79,129,22,78,89,177,4,182,170,,,,
4,963,13,Anacahuita,,2020,136,2.67,134,32,48,51,139,3,65,69,,,,
4,964,13,Anacahuita,,2020,175,1.58,167,26,109,108,145,4,140,200,,,,
4,965,13,Encino,,2020,150,1.05,,,,,M,,,,,,,
4,966,13,Anacahuita,,2020,162,1.42,185,26,109,108,198,4,179,200,,,,
4,967,13,Anacahuita,,2020,130,1.9,137,20,120,96,166,4,214,226,,,,
4,968,13,Encino,,2020,120,0.87,158,14,42,27,M,,,,,,,
4,969,13,Anacahuita,,2020,133,1.27,156,27,122,103,170,4,164,206,,,,
4,970,13,Anacahuita,,2020,181,2.15,159,34,163,154,230,4,232,147,,,,
4,971,13,Anacahuita,,2020,182,2.14,148,24,68,56,209,3,118,132,,,,
4,972,14,Vara dulce,,2020,148,0.68,130,9,56,50,138,2,66,60,,,,
4,973,14,Vara dulce,,2020,180,0.82,179,14,92,66,127,2,100,80,,,,
4,974,14,Vara dulce,,2020,183,0.96,186,13,56,83,203,2,80,114,,,,
4,975,14,Vara dulce,,2020,193,1.06,124,12,76,42,90,2,130,93,,,,
4,976,14,Vara dulce,,2020,230,1.07,280,19,107,66,233,2,128,94,,,,
4,977,14,Encino,,2020,141,0.97,143,8,20,17,M,,,,,,,
4,978,14,Vara dulce,,2020,186,0.99,104,9,112,51,125,2,106,142,,,,
4,979,14,Vara dulce,,2020,172,0.69,125,11,115,58,M,,,,,,,
4,980,14,Vara dulce,,2020,198,1.42,226,14,71,93,196,2,104,61,,,,
4,981,14,Encino,,2020,160,0.95,36,9,140,109,M,,,,,,,
4,982,14,Vara dulce,,2020,206,1.23,218,13,57,68,240,2,60,85,,,,
4,983,14,Vara dulce,,2020,200,1.35,130,12,60,75,130,1,98,80,,,,
4,984,14,Vara dulce,,2020,224,1.05,242,14,73,25,243,2,80,90,,,,
4,985,15,Cenizo,,2020,175,1.8,177,35,76,62,177,3,97,70,,,,
4,986,15,Cenizo,,2020,140,0.8,,,,,NE,,,,,,,
4,987,15,Encino,,2020,142,0.78,41,9,87,143,M,,,,,,,
4,988,15,Cenizo,,2020,140,1.49,109,18,146,92,119,2,125,90,,,,
4,989,15,Cenizo,,2020,122,0.85,140,16,102,71,143,3,110,72,,,,
4,990,15,Cenizo,,2020,152,0.92,101,8,37,38,108,1,36,35,,,,
4,991,15,Cenizo,,2020,188,1.61,160,24,136,131,145,2,174,104,,,,
4,992,15,Encino,,2020,142,0.54,115,7,22,80,M,,,,,,,
4,993,15,Cenizo,,2020,200,1.68,,,,,M,,,,,,,
4,994,15,Cenizo,,2020,169,1,92,8,64,70,97,1,57,58,,,,
4,995,15,Cenizo,,2020,153,1.37,94,8,58,44,M,,,,,,,
4,996,16,Anacahuita,,2020,155,1.87,110,16,98,20,M,,,,,,,
4,997,16,Encino,,2020,190,1.65,186,22,99,78,M,,,,,,,
4,998,16,Anacahuita,,2020,153,1.74,19,7,,,123,3,167,135,,,,
4,999,16,Anacahuita,,2020,160,1.92,130,14,14,18,M,,,,,,,
4,1000,16,Anacahuita,,2020,155,1.02,100,13,40,43,110,2,37,22,,,,
4,1001,16,Anacahuita,,2020,170,1.9,138,17,29,30,89,2,80,42,,,,
4,1002,16,Encino,,2020,144,1.2,118,7,33,45,M,,,,,,,
4,1003,16,Anacahuita,,2020,146,1.67,153,23,89,119,197,3,153,174,,,,
4,1004,16,Anacahuita,,2020,143,1.35,155,27,66,70,60,2,118,130,,,,
4,1005,17,Vara dulce,,2020,200,1.09,,,,,NE,,,,,,,
4,1006,17,Vara dulce,,2020,170,1.04,168,13,49,53,124,3,85,90,,,,
4,1007,17,Vara dulce,,2020,267,1.79,,,,,M,,,,,,,
4,1008,17,Vara dulce,,2020,173,0.83,103,11,116,117,128,2,200,90,,,,
4,1009,17,Vara dulce,,2020,203,1.05,184,14,56,78,180,2,74,59,,,,
4,1010,17,Vara dulce,,2020,192,1.23,220,14,88,79,204,2,146,104,,,,
4,1011,17,Vara dulce,,2020,165,1.49,194,16,60,79,213,3,103,118,,,,
4,1012,17,Vara dulce,,2020,202,0.71,189,9,30,62,120,1,70,62,,,,
4,1013,18,Cenizo,,2020,170,0.75,,,,,NE,,,,,,,
4,1014,18,Cenizo,,2020,172,2.07,163,26,104,103,157,3,90,100,,,,
4,1015,18,Encino,,2020,212,1.61,205,14,77,82,M,,,,,,,
4,1016,18,Anacahuita,,2020,181,1.72,186,24,64,69,195,3,120,113,,,,
4,1017,18,Anacahuita,,2020,137,1.43,145,16,28,23,148,2,59,57,,,,
4,1018,18,Anacahuita,,2020,153,1.92,163,24,63,79,206,3,158,147,,,,
4,1019,19,Anacahuita,,2020,152,1.46,136,26,70,74,133,3,114,117,,,,
4,1020,19,Encino,,2020,138,0.87,36,11,,,M,,,,,,,
4,1021,19,Anacahuita,,2020,177,1.95,97,23,135,113,137,3,194,131,,,,
4,1022,19,Potro,,2020,99,1.1,118,12,56,39,M,,,,,,,
4,1023,20,Vara dulce,,2020,197,1.14,47,19,64,36,115,2,87,114,,,,
4,1024,20,Encino,,2020,139,1.5,,,,,M,,,,,,,
4,1025,20,Vara dulce,,2020,257,1.88,,,,,M,,,,,,,
4,1026,20,Vara dulce,,2020,150,1.03,138,11,30,14,145,1,44,49,,,,
4,1027,21,Anacahuita,,2020,172,1.62,157,27,120,132,159,3,170,181,,,,
4,1028,21,Encino,,2020,174,0.75,137,11,97,24,M,,,,,,,
4,1029,21,Anacahuita,,2020,168,1.81,,,,,M,,,,,,,
4,1030,21,Anacahuita,,2020,149,1.76,97,9,10,14,M,,,,,,,
4,1031,21,Vara dulce,,2020,153,0.159,270,27,126,104,283,3,239,139,,,,
4,1032,21,Anacahuita,,2020,158,1.78,126,16,25,19,M,,,,,,,
4,1033,21,Anacahuita,,2020,175,0.91,164,27,100,79,175,3,159,128,,,,
4,1034,21,Vara dulce,,2020,259,2.54,176,9,50,39,166,2,99,72,,,,
5,1035,1,Cenizo,,2020,139,0.96,132,20,105,100,133,3,123,100,,,,
5,1036,1,Encino,,2020,165,0.82,160,11,70,24,M,,,,,,,
5,1037,1,Cenizo,,2020,153,1.08,93,11,69,54,123,2,88,76,,,,
5,1038,1,Cenizo,,2020,103,0.93,134,14,97,90,160,3,109,115,,,,
5,1039,1,Cenizo,,2020,147,0.8,147,15,89,96,165,2,107,85,,,,
5,1040,1,Cenizo,,2020,175,0.89,128,16,120,69,153,2,172,104,,,,
5,1041,1,Cenizo,,2020,187,1.21,100,10,86,50,118,1,98,59,,,,
5,1042,1,Cenizo,,2020,166,1.09,108,21,137,110,137,3,170,80,,,,
5,1043,1,Cenizo,,2020,193,1.27,136,19,126,102,147,3,167,128,,,,
5,1044,1,Cenizo,,2020,226,1.86,,,,,NE,,,,,,,
5,1045,1,Cenizo,,2020,68,1.48,136,21,98,114,144,3,85,67,,,,
5,1046,1,Cenizo,,2020,150,0.85,103,12,134,111,145,2,78,115,,,,
5,1047,1,Cenizo,,2020,164,1.11,73,17,140,89,110,2,120,114,,,,
5,1048,1,Cenizo,,2020,147,1.03,150,18,93,105,159,3,146,105,,,,
5,1049,1,Cenizo,,2020,132,0.97,131,17,86,79,153,3,107,107,,,,
5,1050,1,Cenizo,,2020,122,0.55,69,10,58,57,58,1,48,50,,,,
5,1051,1,Cenizo,,2020,163,1.22,158,18,96,106,147,3,87,99,,,,
5,1052,2,Anacahuita,,2020,135,2.16,128,24,116,124,150,4,136,124,,,,
5,1053,2,Anacahuita,,2020,145,1.82,125,24,88,129,136,3,84,130,,,,
5,1054,2,Anacahuita,,2020,95,0.7,190,32,78,70,201,3,89,90,,,,
5,1055,2,Anacahuita,,2020,126,0.88,97,14,53,44,107,2,85,69,,,,
5,1056,2,Anacahuita,,2020,148,1.03,108,24,59,80,132,3,106,112,,,,
5,1057,2,Anacahuita,,2020,89,0.66,133,22,69,50,163,3,96,105,,,,
5,1058,2,Anacahuita,,2020,197,0.97,,,,,M,,,,,,,
5,1059,2,Anacahuita,,2020,168,1.88,147,21,50,49,156,2,74,85,,,,
5,1060,2,Anacahuita,,2020,145,1.07,175,28,95,117,176,3,98,140,,,,
5,1061,2,Anacahuita,,2020,174,2.84,117,19,84,64,150,2,108,106,,,,
5,1062,2,Anacahuita,,2020,123,0.86,,,,,NE,,,,,,,
5,1063,2,Anacahuita,,2020,102,0.82,154,19,35,55,164,2,44,48,,,,
5,1064,2,Anacahuita,,2020,122,1.77,130,24,61,72,M,,,,,,,
5,1065,2,Anacahuita,,2020,177,1.59,91,21,100,70,119,3,134,94,,,,
5,1066,2,Anacahuita,,2020,132,0.92,,,,,82,2,74,91,,,,
5,1067,2,Anacahuita,,2020,140,1.35,150,12,50,29,NE,,,,,,,
5,1068,3,Potro,,2020,129,0.84,76,19,46,54,154,3,117,121,,,,
5,1069,3,Potro,,2020,130,0.58,89,9,50,30,137,1,69,66,,,,
5,1070,3,Potro,,2020,200,0.88,60,11,30,39,M,,,,,,,
5,1071,3,Potro,,2020,145,0.98,145,21,66,70,196,2,46,73,,,,
5,1072,3,Potro,,2020,121,0.73,158,18,73,46,178,3,107,111,,,,
5,1073,3,Potro,,2020,195,1.81,226,19,67,52,130,2,69,72,,,,
5,1074,3,Potro,,2020,131,0.93,159,13,60,55,153,2,100,143,,,,
5,1075,3,Potro,,2020,101,0.85,130,21,75,80,155,3,119,94,,,,
5,1076,3,Encino,,2020,124,0.91,68,10,47,77,M,,,,,,,
5,1077,3,Potro,,2020,196,1.53,17,,,,M,,,,,,,
5,1078,3,Potro,,2020,158,1.36,70,17,47,49,113,2,97,82,,,,
5,1079,3,Potro,,2020,116,0.93,156,16,85,56,106,2,120,142,,,,
5,1080,3,Potro,,2020,169,1.08,88,16,69,60,NE               94,1,92,89,,,,
5,1081,3,Potro,,2020,162,0.64,,,,,NE,,,,,,,
5,1082,3,Potro,,2020,168,0.76,,,,,,,,,,,,
5,1083,4,Cenizo,,2020,192,1.16,163,17,155,140,182,2,90,99,,,,
5,1084,4,Cenizo,,2020,149,0.85,153,18,128,120,156,3,126,137,,,,
5,1085,4,Cenizo,,2020,180,0.85,147,18,143,77,160,3,88,135,,,,
5,1086,4,Cenizo,,2020,135,0.94,140,19,56,54,M,,,,,,,
5,1087,4,Cenizo,,2020,176,1.29,112,20,97,95,172,2,86,102,,,,
5,1088,4,Cenizo,,2020,140,0.71,,,,,NE,,,,,,,
5,1089,4,Cenizo,,2020,132,0.81,157,18,77,108,137,2,47,54,,,,
5,1090,4,Cenizo,,2020,182,1.15,131,13,56,43,164,2,63,92,,,,
5,1091,4,Cenizo,,2020,120,0.7,150,18,123,128,107,1,64,63,,,,
5,1092,4,Cenizo,,2020,103,0.88,68,17,70,133,125,2,84,63,,,,
5,1093,4,Cenizo,,2020,199,1.52,62,14,83,113,130,1,70,94,,,,
5,1094,4,Cenizo,,2020,167,1.04,137,16,94,82,146,3,114,105,,,,
5,1095,5,Anacahuita,,2020,153,1.54,168,32,103,96,178,4,116,120,,,,
5,1096,5,Anacahuita,,2020,137,1.23,97,27,156,89,161,2,47,70,,,,
5,1097,5,Anacahuita,,2020,164,3.7,128,97,27,40,135,2,72,53,,,,
5,1098,5,Encino,,2020,157,0.79,13,9,,,M,,,,,,,
5,1099,5,Anacahuita,,2020,140,1.1,135,30,105,77,158,3,135,145,,,,
5,1100,5,Anacahuita,,2020,128,1.7,149,24,134,116,167,4,189,182,,,,
5,1101,5,Anacahuita,,2020,123,1.24,145,26,47,95,170,3,142,134,,,,
5,1102,5,Anacahuita,,2020,104,1.34,146,26,47,95,157,3,146,128,,,,
5,1103,5,Anacahuita,,2020,126,1.19,148,24,83,57,NE,,,,,,,
5,1104,5,Anacahuita,,2020,135,0.93,112,18,24,9,122,1,30,37,,,,
5,1105,5,Anacahuita,,2020,143,1.68,59,10,24,19,75,1,35,22,,,,
5,1106,5,Anacahuita,,2020,138,0.95,125,24,104,100,173,4,200,108,,,,
5,1107,5,Anacahuita,,2020,126,1.13,,,,,142,2,108,88,,,,
5,1108,6,Potro,,2020,159,1.43,130,11,40,29,210,3,186,181,,,,
5,1109,6,Potro,,2020,143,0.74,172,23,150,147,152,1,74,60,,,,
5,1110,6,Potro,,2020,165,1.34,122,7,35,38,104,1,66,63,,,,
5,1111,6,Potro,,2020,173,0.93,90,8,41,35,208,4,176,158,,,,
5,1112,6,Potro,,2020,157,2,207,42,103,104,153,2,106,86,,,,
5,1113,6,Potro,,2020,114,0.59,80,21,69,90,94,1,33,50,,,,
5,1114,6,Potro,,2020,161,0.6,60,9,40,79,125,3,119,137,,,,
5,1115,6,Potro,,2020,166,1.4,94,20,95,100,121,1,39,42,,,,
5,1116,6,Potro,,2020,156,1.01,120,9,28,20,174,3,167,176,,,,
5,1117,6,Potro,,2020,150,0.54,124,27,137,129,165,2,106,84,,,,
5,1118,6,Potro,,2020,129,0.6,122,10,44,60,NE,,,,,,,
5,1119,6,Potro,,2020,180,0.82,143,12,74,48,,,,,,,,
5,1120,7,Cenizo,,2020,161,1.11,175,9,55,64,162,1,70,75,,,,
5,1121,7,Cenizo,,2020,122,0.98,138,17,77,72,144,2,89,110,,,,
5,1122,7,Cenizo,,2020,202,1.53,125,15,170,121,199,3,120,166,,,,
5,1123,7,Cenizo,,2020,173,0.77,98,14,46,104,113,3,62,66,,,,
5,1124,7,Encino,,2020,165,0.83,156,12,48,29,M,,,,,,,
5,1125,7,Cenizo,,2020,113,0.66,119,12,59,63,109,2,72,110,,,,
5,1126,7,Cenizo,,2020,174,0.91,86,13,72,74,100,2,76,83,,,,
5,1127,7,Cenizo,,2020,154,0.93,140,11,87,167,142,2,85,115,,,,
5,1128,7,Cenizo,,2020,169,0.94,134,15,95,136,142,2,76,107,,,,
5,1129,7,Cenizo,,2020,169,1.21,152,12,245,134,157,2,98,119,,,,
5,1130,7,Cenizo,,2020,186,1.44,174,19,140,118,183,3,80,99,,,,
5,1131,8,Anacahuita,,2020,154,1.29,145,13,64,47,NE,,,,,,,
5,1132,8,Anacahuita,,2020,117,1.43,118,26,57,73,156,3,147,114,,,,
5,1133,8,Anacahuita,,2020,144,1.11,112,14,58,63,126,3,110,121,,,,
5,1134,8,Anacahuita,,2020,158,1.34,80,9,,,136,2,57,64,,,,
5,1135,8,Anacahuita,,2020,131,1.25,128,14,13,12,NE,,,,,,,
5,1136,8,Anacahuita,,2020,140,1.21,78,12,76,34,M,,,,,,,
5,1137,8,Anacahuita,,2020,173,2.95,118,13,,,97,1,24,34,,,,
5,1138,8,Anacahuita,,2020,180,2.88,,,,,M,,,,,,,
5,1139,8,Encino,,2020,150,0.62,66,7,9,9,M,,,,,,,
5,1140,8,Encino,,2020,177,0.76,,,,,NE,,,,,,,
5,1141,9,Potro,,2020,228,2.25,207,29,45,67,110,2,80,116,,,,
5,1142,9,Potro,,2020,160,0.98,174,24,109,99,177,3,140,135,,,,
5,1143,9,Potro,,2020,166,1.18,215,32,156,128,232,3,170,209,,,,
5,1144,9,Potro,,2020,120,0.81,162,22,103,97,168,3,135,164,,,,
5,1145,9,Potro,,2020,145,0.96,,,,,NE,,,,,,,
5,1146,9,Potro,,2020,186,1.53,218,31,173,137,236,4,172,238,,,,
5,1147,9,Encino,,2020,155,0.81,20,8,16,13,NE,,,,,,,
5,1148,9,Potro,,2020,135,0.86,189,27,97,103,252,4,216,190,,,,
5,1149,9,Potro,,2020,170,0.76,163,28,78,90,207,4,180,137,,,,
5,1150,9,Potro,,2020,223,1.42,215,28,137,119,266,5,178,237,,,,
5,1151,10,Cenizo,,2020,133,1.6,133,23,109,96,152,2,120,132,,,,
5,1152,10,Cenizo,,2020,138,1.85,142,23,100,82,145,3,87,103,,,,
5,1153,10,Cenizo,,2020,146,1.73,143,23,83,72,124,2,130,100,,,,
5,1154,10,Cenizo,,2020,137,0.97,116,27,121,82,153,3,125,110,,,,
5,1155,10,Cenizo,,2020,170,0.8,156,17,108,107,160,3,105,136,,,,
5,1156,10,Cenizo,,2020,192,1.18,148,22,87,104,159,3,205,174,,,,
5,1157,10,Cenizo,,2020,156,0.81,123,26,76,132,196,4,178,153,,,,
5,1158,10,Cenizo,,2020,149,1.12,154,24,136,115,NE,,,,,,,
5,1159,10,Cenizo,,2020,100,0.48,69,8,56,54,175,4,194,163,,,,
5,1160,10,Cenizo,,2020,170,1.24,128,22,120,154,NE,,,,,,,
5,1161,10,Cenizo,,2020,176,1.16,135,17,64,123,,,,,,,,
5,1162,11,Anacahuita,,2020,117,0.7,114,26,100,112,166,5,192,179,,,,
5,1163,11,Anacahuita,,2020,137,1.71,139,27,34,20,127,2,57,49,,,,
5,1164,11,Anacahuita,,2020,134,1.75,,,,,M,,,,,,,
5,1165,11,Anacahuita,,2020,186,2.43,,,,,M,,,,,,,
5,1166,11,Anacahuita,,2020,156,2.77,160,24,105,103,162,4,157,138,,,,
5,1167,11,Anacahuita,,2020,167,2.96,,,,,M,,,,,,,
5,1168,11,Anacahuita,,2020,187,2.64,,,,,NE,,,,,,,
5,1169,11,Anacahuita,,2020,158,2.98,,,,,M,,,,,,,
5,1170,11,Anacahuita,,2020,141,1.08,,,,,M,,,,,,,
5,1171,11,Anacahuita,,2020,135,1.21,,,,,M,,,,,,,
5,1172,12,Potro,,2020,140,1.01,187,20,112,215,204,3,154,126,,,,
5,1173,12,Potro,,2020,200,1.34,243,29,146,154,293,5,225,188,,,,
5,1174,12,Potro,,2020,167,1.12,196,28,104,154,218,4,119,139,,,,
5,1175,12,Potro,,2020,209,1.22,180,26,114,94,198,4,185,176,,,,
5,1176,12,Potro,,2020,168,0.87,106,17,145,168,128,3,206,246,,,,
5,1177,12,Potro,,2020,178,1.32,97,28,123,112,153,3,139,140,,,,
5,1178,12,Encino,,2020,153,0.92,125,16,31,24,M,,,,,,,
5,1179,12,Potro,,2020,174,1.88,103,20,85,92,175,3,160,173,,,,
5,1180,12,Potro,,2020,190,1.13,273,30,95,140,310,5,164,173,,,,
5,1181,12,potro,,2020,125,1.03,175,21,146,143,243,4,256,287,,,,
5,1182,12,Potro,,2020,139,0.94,,,,,NE,,,,,,,
5,1183,12,Potro,,2020,140,1.26,207,41,213,214,M,,,,,,,
5,1184,12,Potro,,2020,165,0.81,,,,,M,,,,,,,
5,1185,12,Potro,,2020,167,1.2,154,12,86,57,M,,,,,,,
5,1186,13,Cenizo,,2020,154,1.33,103,25,83,132,108,2,161,66,,,,
5,1187,13,Cenizo,,2020,209,2.31,206,29,114,89,204,3,133,110,,,,
5,1188,13,Cenizo,,2020,184,1.54,128,24,107,110,124,3,118,120,,,,
5,1189,13,Cenizo,,2020,165,1.46,174,25,164,93,172,3,88,84,,,,
5,1190,13,Cenizo,,2020,207,1.38,,,,,M,,,,,,,
5,1191,13,Cenizo,,2020,154,0.82,150,12,53,74,152,2,87,83,,,,
5,1192,13,Cenizo,,2020,183,1.32,167,22,157,116,182,3,143,148,,,,
5,1193,13,Cenizo,,2020,143,1.12,,,,,M,,,,,,,
5,1194,13,Cenizo,,2020,165,0.99,62,16,45,62,M,,,,,,,
5,1195,13,Cenizo,,2020,162,0.98,65,14,105,60,M,,,,,,,
5,1196,13,Cenizo,,2020,146,1.26,,,,,M,,,,,,,
5,1197,13,Cenizo,,2020,170,1.25,183,21,50,56,M,,,,,,,
5,1198,14,Anacahuita,,2020,141,1.49,205,18,83,47,197,3,96,108,,,,
5,1199,14,Anacahuita,,2020,173,1.28,147,10,9,7,200,2,98,58,,,,
5,1200,14,Anacahuita,,2020,128,1.51,210,16,80,61,154,1,34,32,,,,
5,1201,14,Anacahuita,,2020,144,1.56,,,,,REB             66,2,49,29,,,,
5,1202,14,Anacahuita,,2020,152,2.16,96,12,77,36,NE,,,,,,,
5,1203,14,Anacahuita,,2020,161,1.36,,,,,70,1,84,45,,,,
5,1204,14,Anacahuita,,2020,154,1.71,,,,,M,,,,,,,
5,1205,14,Anacahuita,,2020,143,0.86,153,22,65,73,M,,,,,,,
5,1206,14,Encino,,2020,163,1.09,190,27,115,155,M,,,,,,,
5,1207,14,Anacahuita,,2020,137,0.95,,,,,M,,,,,,,
5,1208,14,Anacahuita,,2020,132,1.47,130,12,20,15,M,,,,,,,
5,1209,14,Anacahuita,,2020,158,2.77,121,29,64,87,M,,,,,,,
5,1210,14,Anacahuita,,2020,129,0.43,57,10,53,70,,,,,,,,
5,1211,15,Potro,,2020,124,2.11,38,7,27,26,153,3,125,122,,,,
5,1212,15,Potro,,2020,168,0.83,290,23,97,141,106,2,100,98,,,,
5,1213,15,Potro,,2020,124,0.85,165,24,72,68,NE,,,,,,,
5,1214,15,Potro,,2020,197,1.9,103,8,78,51,211,14,152,193,,,,
5,1215,15,Potro,,2020,125,1.31,255,30,130,117,171,2,114,144,,,,
5,1216,15,Encino,,2020,145,0.83,50,7,48,42,M,,,,,,,
5,1217,15,Potro,,2020,188,1.07,34,14,57,58,315,5,276,235,,,,
5,1218,15,Potro,,2020,193,1.27,,,,,170,3,214,182,,,,
5,1219,15,Potro,,2020,170,0.92,,,,,235,3,172,183,,,,
5,1220,15,Potro,,2020,154,0.63,,,,,NE,,,,,,,
5,1221,15,Potro,,2020,119,0.9,167,13,100,47,NE,,,,,,,
5,1222,15,Potro,,2020,130,0.48,130,14,80,72,NE,,,,,,,
5,1223,16,Cenizo,,2020,215,1.77,50,17,26,23,158,2,106,79,,,,
5,1224,16,Cenizo,,2020,195,1.15,160,13,105,90,136,2,113,82,,,,
5,1225,16,Cenizo,,2020,204,1.59,168,118,95,77,REB             86,3,40,22,,,,
5,1226,16,Cenizo,,2020,183,1.43,,,,,M,,,,,,,
5,1227,16,Cenizo,,2020,156,1.17,,,,,161,2,88,90,,,,
5,1228,16,Cenizo,,2020,174,1.42,139,18,107,146,M,,,,,,,
5,1229,16,Cenizo,,2020,140,1.14,125,30,120,134,M,,,,,,,
5,1230,16,Cenizo,,2020,198,1.6,,,,,106,3,110,135,,,,
5,1231,16,Cenizo,,2020,152,0.89,164,22,195,70,M,,,,,,,
5,1232,16,Cenizo,,2020,157,1.1,58,25,39,53,NE,,,,,,,
5,1233,16,Cenizo,,2020,135,1.53,163,27,87,69,M,,,,,,,
5,1234,17,Anacahuita,,2020,140,1.65,120,9,17,7,134,3,78,112,,,,
5,1235,17,Anacahuita,,2020,171,1.89,173,18,45,49,174,3,114,132,,,,
5,1236,17,Anacahuita,,2020,193,2.38,137,12,24,30,M,,,,,,,
5,1237,17,Anacahuita,,2020,167,1.14,105,19,43,34,REB            90,3,20,22,,,,
5,1238,17,Anacahuita,,2020,139,0.96,155,16,33,34,56,2,95,14,,,,
5,1239,17,Anacahuita,,2020,157,1.4,176,34,166,188,100,2,68,50,,,,
5,1240,17,Anacahuita,,2020,163,1.21,170,30,110,139,177,3,93,97,,,,
5,1241,17,Anacahuita,,2020,139,1.31,130,20,45,30,M,,,,,,,
5,1242,17,Anacahuita,,2020,136,1.84,123,22,95,120,M,,,,,,,
5,1243,17,Anacahuita,,2020,174,2,72,13,57,45,M,,,,,,,
5,1244,18,Potro,,2020,112,0.87,237,30,109,125,135,2,165,149,,,,
5,1245,18,Potro,,2020,116,0.81,74,15,28,21,120,2,92,84,,,,
5,1246,18,Potro,,2020,188,1.29,165,12,26,29,228,31,153,184,,,,
5,1247,18,Potro,,2020,113,1.2,39,10,29,25,M,,,,,,,
5,1248,18,Encino,,2020,158,0.74,109,7,35,39,M,,,,,,,
5,1249,18,Potro,,2020,98,0.55,,,,,112,2,75,63,,,,
5,1250,18,Potro,,2020,158,0.93,,,,,107,1,72,49,,,,
5,1251,18,Potro,,2020,112,0.65,152,18,110,129,NE,,,,,,,
5,1252,18,Potro,,2020,172,0.71,197,27,103,142,M,,,,,,,
5,1253,18,Potro,,2020,153,0.52,147,22,114,26,256,3,221,214,,,,
5,1254,18,Potro,,2020,104,0.75,149,20,71,80,214,3,168,167,,,,
5,1255,19,Cenizo,,2020,163,1.87,139,16,120,103,157,2,99,66,,,,
5,1256,19,Cenizo,,2020,144,1.08,132,14,123,110,132,1,100,68,,,,
5,1257,19,Cenizo,,2020,159,1.03,145,11,66,50,REB            82,2,27,29,,,,
5,1258,19,Cenizo,,2020,163,1.02,148,16,81,75,M,,,,,,,
5,1259,19,Cenizo,,2020,132,0.86,68,11,113,73,165,2,85,98,,,,
5,1260,19,Cenizo,,2020,169,1.6,180,22,124,112,M,,,,,,,
5,1261,19,Cenizo,,2020,158,1.22,100,13,97,63,M,,,,,,,
5,1262,19,Cenizo,,2020,132,0.79,90,14,89,60,129,3,105,142,,,,
5,1263,19,Cenizo,,2020,200,1.82,156,16,41,20,M,,,,,,,
5,1264,19,Cenizo,,2020,176,0.73,174,27,104,102,NE,,,,,,,
5,1265,19,Cenizo,,2020,180,1.42,19,9,107,8,M,,,,,,,
5,1266,19,Cenizo,,2020,166,2,118,11,44,61,,,,,,,,
5,1267,19,Cenizo,,2020,160,0.99,159,17,100,91,,,,,,,,
5,1268,20,Anacahuita,,2020,158,2.09,,,,,137,2,115,72,,,,
5,1269,20,Anacahuita,,2020,157,0.64,129,9,20,15,173,3,102,126,,,,
5,1270,20,Encino,,2020,160,0.72,186,20,45,42,M,,,,,,,
5,1271,20,Anacahuita,,2020,115,1.27,,,,,REB             90,2,25,19,,,,
5,1272,20,Anacahuita,,2020,143,2.14,124,21,110,90,56,2,91,39,,,,
5,1273,20,Anacahuita,,2020,147,0.47,160,18,100,55,100,2,60,66,,,,
5,1274,20,Encino,,2020,145,1.66,81,7,20,14,NE,,,,,,,
5,1275,20,Anacahuita,,2020,168,2.73,123,9,60,44,182,2,94,103,,,,
5,1276,20,Anacahuita,,2020,169,0.92,230,28,151,64,M,,,,,,,
5,1277,20,Anacahuita,,2020,170,1.83,113,9,33,50,M,,,,,,,
5,1278,20,Anacahuita,,2020,160,1.06,93,8,20,30,M,,,,,,,
5,1279,21,Potro,,2020,150,0.83,73,14,39,37,134,3,162,157,,,,
5,1280,21,Potro,,2020,178,1.6,118,23,54,56,118,2,95,68,,,,
5,1281,21,Potro,,2020,215,1.53,57,26,30,37,228,4,167,185,,,,
5,1282,21,Potro,,2020,160,0.9,,,,,M,,,,,,,
5,1283,21,Encino,,2020,144,0.51,108,13,49,56,M,,,,,,,
5,1284,21,Potro,,2020,141,0.96,90,24,123,73,116,1,75,86,,,,
5,1285,21,Potro,,2020,209,0.85,154,26,100,110,108,1,78,59,,,,
5,1286,21,Potro,,2020,193,0.64,,,,,NE,,,,,,,
5,1287,21,Encino,,2020,140,0.55,130,12,39,47,NE,,,,,,,
5,1288,21,Potro,,2020,168,0.87,127,17,77,95,NE,,,,,,,
5,1289,22,Cenizo,,2020,165,1.12,132,20,117,96,145,3,150,89,,,,
5,1290,22,Cenizo,,2020,230,1.68,145,19,65,67,154,2,97,110,,,,
5,1291,22,Cenizo,,2020,171,1.11,,,,,122,2,128,149,,,,
5,1292,22,Cenizo,,2020,138,0.82,170,19,55,50,148,2,140,132,,,,
5,1293,22,Cenizo,,2020,149,1.08,158,14,88,95,M,,,,,,,
5,1294,22,Cenizo,,2020,142,1.49,166,15,44,105,130,1.5,70,66,,,,
5,1295,22,Cenizo,,2020,139,0.74,102,13,34,30,132,2,98,87,,,,
5,1296,22,Cenizo,,2020,161,1.26,,,,,M,,,,,,,
5,1297,22,Cenizo,,2020,138,1.49,160,14,23,20,M,,,,,,,
5,1298,22,Cenizo,,2020,151,0.94,145,21,62,67,M,,,,,,,
5,1299,22,Cenizo,,2020,170,1.06,210,23,77,61,NE,,,,,,,
5,1300,23,Anacahuita,,2020,163,3.14,137,18,33,23,REB            75,2,26,23,,,,
5,1301,23,Encino,,2020,154,0.61,145,14,37,29,NE,,,,,,,
5,1302,23,Anacahuita,,2020,162,2.54,,,,,182,3,137,127,,,,
5,1303,23,Anacahuita,,2020,139,1.55,127,17,64,30,NE,,,,,,,
5,1304,23,Anacahuita,,2020,132,1,127,14,23,22,139,3,94,109,,,,
5,1305,23,Anacahuita,,2020,173,1.68,170,22,110,104,175,5,183,216,,,,
5,1306,23,Anacahuita,,2020,170,1.74,,,,,NE,,,,,,,
5,1307,23,Encino,,2020,140,0.64,104,11,46,52,M,,,,,,,
5,1308,23,Anacahuita,,2020,152,1.59,133,23,83,112,M,,,,,,,
5,1309,23,Anacahuita,,2020,163,1.64,174,24,88,128,258,4,167,196,,,,
5,1310,23,Anacahuita,,2020,167,1.39,,,,,M,,,,,,,
5,1311,23,Anacahuita,,2020,160,1.67,137,13,,,,,,,,,,
5,1312,24,Potro,,2020,153,0.69,115,9,54,81,REB            30,1,17,10,,,,
5,1313,24,Potro,,2020,138,0.63,,,,,146,2,108,62,,,,
5,1314,24,Potro,,2020,137,1.12,,,,,221,3,118,178,,,,
5,1315,24,Potro,,2020,150,0.63,,,,,118,1,80,59,,,,
5,1316,24,Encino,,2020,152,0.5,,,,,M,,,,,,,
5,1317,24,Potro,,2020,193,1.54,,,,,115,2,80,64,,,,
5,1318,24,Potro,,2020,166,0.76,,,,,158,2,120,124,,,,
5,1319,24,Potro,,2020,127,0.66,,,,,204,2,107,100,,,,
5,1320,24,Potro,,2020,140,0.5,,,,,NE,,,,,,,
5,1321,24,Potro,,2020,141,0.7,,,,,205,3,106,152,,,,
5,1322,24,Potro,,2020,160,1.03,,,,,M,,,,,,,
5,1323,24,Potro,,2020,152,0.63,,,,,NE,,,,,,,
5,1324,25,Cenizo,,2020,142,1.43,140,15,70,50,99,2,138,60,,,,
5,1325,25,Cenizo,,2020,173,1.04,64,19,127,58,104,3,160,110,,,,
5,1326,25,Cenizo,,2020,133,0.82,132,19,68,80,M,,,,,,,
5,1327,25,Cenizo,,2020,176,1.2,147,12,81,63,140,2,40,55,,,,
5,1328,25,Cenizo,,2020,142,1.36,,,,,125,3,8,115,,,,
5,1329,25,Cenizo,,2020,155,1.27,165,17,84,90,124,3,144,127,,,,
5,1330,25,Cenizo,,2020,190,1.37,167,18,97,97,149,2,110,87,,,,
5,1331,25,Anacahuita,,2020,129,0.86,153,17,45,47,M,,,,,,,
5,1332,25,Cenizo,,2020,141,0.84,200,17,125,116,139,2,118,35,,,,
5,1333,25,Cenizo,,2020,199,1.44,169,19,96,90,M,,,,,,,
5,1334,26,Anacahuita,,2020,111,1.22,154,18,36,44,120,2,37,30,,,,
5,1335,26,Anacahuita,,2020,176,3.08,140,16,39,40,NE,,,,,,,
5,1336,26,Anacahuita,,2020,143,0.82,,,,,154,2,91,35,,,,
5,1337,26,Encino,,2020,135,0.72,15,4,9,9,NE,,,,,,,
5,1338,26,Anacahuita,,2020,151,2.24,166,24,106,90,142,2,77,86,,,,
5,1339,26,Anacahuita,,2020,126,1.19,112,24,106,55,M,,,,,,,
5,1340,26,Anacahuita,,2020,133,0.84,126,9,,,M,,,,,,,
5,1341,26,Anacahuita,,2020,196,2.36,196,29,60,114,M,,,,,,,
5,1342,26,Encino,,2020,162,0.86,,,,,M,,,,,,,
5,1343,26,Anacahuita,,2020,140,1.11,122,12,68,123,132,2,96,91,,,,
5,1344,26,Anacahuita,,2020,188,1.94,175,22,99,100,148,2,85,71,,,,
5,1345,27,Potro,,2020,179,1.09,138,23,120,104,138,3,119,85,,,,
5,1346,27,Potro,,2020,176,1.01,96,9,43,31,160,4,123,151,,,,
5,1347,27,Potro,,2020,178,1.42,114,7,42,46,205,3,143,135,,,,
5,1348,27,Potro,,2020,195,1.5,81,6,33,21,NE,,,,,,,
5,1349,27,Potro,,2020,190,0.84,91,7,23,24,M,,,,,,,
5,1350,27,Potro,,2020,155,1.3,26,4,17,23,131,2,103,98,,,,
5,1351,27,Potro,,2020,148,0.63,112,14,41,55,NE,,,,,,,
5,1352,27,Potro,,2020,164,0.69,252,32,110,125,NE,,,,,,,
5,1353,27,Potro,,2020,150,0.98,98,9,51,63,NE,,,,,,,
5,1354,27,Potro,,2020,156,1.18,,,,,NE,,,,,,,
5,1355,28,Cenizo,,2020,240,1.66,176,14,76,43,M,,,,,,,
5,1356,28,Cenizo,,2020,164,1.74,157,20,73,70,90,3,150,64,,,,
5,1357,28,Cenizo,,2020,166,0.83,68,14,142,70,124,1,80,114,,,,
5,1358,28,Cenizo,,2020,138,0.96,106,11,76,88,156,2,80,100,,,,
5,1359,28,Cenizo,,2020,182,1.31,134,10,43,47,M,,,,,,,
5,1360,28,Cenizo,,2020,135,1.01,127,12,48,47,163,2,94,84,,,,
5,1361,28,Cenizo,,2020,172,1.34,167,19,100,85,156,3,143,97,,,,
5,1362,28,Cenizo,,2020,174,1.14,,,,,151,3,137,170,,,,
5,1363,28,Cenizo,,2020,162,1.02,112,15,90,116,186,3,190,117,,,,
5,1364,29,Potro,,2020,190,1.62,232,33,142,112,117,2,140,110,,,,
5,1365,29,Potro,,2020,172,1.24,41,5,30,37,151,3,80,104,,,,
5,1366,29,Potro,,2020,250,1.89,230,34,158,18,M,,,,,,,
5,1367,29,Potro,,2020,163,0.9,30,78,39,33,NE,,,,,,,
5,1368,29,Potro,,2020,160,0.98,109,14,49,60,,,,,,,,
5,1369,29,Potro,,2020,153,1.42,103,19,78,55,160,4,131,127,,,,
5,1370,29,Potro,,2020,165,1.13,76,7,30,34,119,2,128,84,,,,
5,1371,29,Potro,,2020,122,0.57,96,9,36,70,M,,,,,,,
5,1372,29,Potro,,2020,58,2.29,143,37,190,178,146,4,177,123,,,,
5,1373,29,Potro,,2020,163,0.59,88,11,39,37,M,,,,,,,
5,1374,30,Anacahuita,,2020,152,2.05,136,26,93,58,145,3,125,164,,,,
5,1375,30,Anacahuita,,2020,146,1.12,134,22,56,73,87,1,120,68,,,,
5,1376,30,Anacahuita,,2020,197,1.97,140,19,60,30,139,2,116,110,,,,
5,1377,30,Anacahuita,,2020,180,1.62,183,25,59,56,120,1,57,30,,,,
5,1378,30,Anacahuita,,2020,158,1.59,118,23,189,136,NE,,,,,,,
5,1379,30,Anacahuita,,2020,168,1.29,90,13,57,14,62,1,34,32,,,,
5,1380,30,Anacahuita,,2020,140,1.08,120,18,63,6,NE,,,,,,,
5,1381,30,Anacahuita,,2020,162,1.62,130,14,28,25,211,2,108,119,,,,
5,1382,30,Anacahuita,,2020,163,2.16,167,46,140,123,266,5,160,139,,,,
5,1383,31,Cenizo,,2020,132,1.24,118,14,96,76,180,2,72,43,,,,
5,1384,31,Cenizo,,2020,155,0.67,92,11,106,50,163,2,80,55,,,,
5,1385,31,Cenizo,,2020,124,1.27,,,,,105,2,144,67,,,,
5,1386,31,Cenizo,,2020,140,1.37,126,20,78,57,93,1,87,116,,,,
5,1387,31,Cenizo,,2020,146,0.67,76,19,54,56,135,2,54,48,,,,
5,1388,31,Cenizo,,2020,130,0.58,66,19,92,75,115,2,51,56,,,,
5,1389,31,Cenizo,,2020,167,0.71,118,14,76,103,147,2,108,100,,,,
5,1390,31,Cenizo,,2020,142,0.78,120,11,107,40,M,,,,,,,
5,1391,31,Cenizo,,2020,195,1.83,83,10,92,95,97,2,156,110,,,,
5,1392,32,Anacahuita,,2020,153,2.28,173,19,69,94,133,3,105,56,,,,
5,1393,32,Anacahuita,,2020,183,3.4,174,36,129,56,138,3,127,111,,,,
5,1394,32,Anacahuita,,2020,142,1.32,126,15,22,40,93,1,28,35,,,,
5,1395,32,Anacahuita,,2020,140,1.17,152,22,70,64,198,3,87,66,,,,
5,1396,32,Anacahuita,,2020,163,1.03,167,19,95,60,144,5,185,190,,,,
5,1397,32,Anacahuita,,2020,155,1.23,166,15,25,29,106,1,64,43,,,,
5,1398,32,Anacahuita,,2020,147,1.68,135,23,127,36,M,,,,,,,
5,1399,32,Anacahuita,,2020,151,1,129,15,33,27,M,,,,,,,
5,1400,32,Anacahuita,,2020,178,2.31,190,16,70,37,200,7,229,189,,,,
5,1401,33,Cenizo,,2020,198,1.39,165,20,93,105,106,2,110,123,,,,
5,1402,33,Encino,,2020,159,0.71,,,,,NE,,,,,,,
5,1403,33,Cenizo,,2020,157,1.77,146,21,160,116,100,1,142,74,,,,
5,1404,33,Encino,,2020,173,0.64,,,,,NE,,,,,,,
5,1405,33,Cenizo,,2020,157,1.05,142,24,90,119,M              137,2,77,89,,,,
5,1406,33,Cenizo,,2020,165,1.29,153,26,109,124,129,2,54,80,,,,
5,1407,33,Cenizo,,2020,192,1.05,127,14,58,77,77,1,59,88,,,,
5,1408,34,Anacahuita,,2020,140,1.79,114,11,24,27,162,3,94,60,,,,
5,1409,34,Anacahuita,,2020,132,1.15,156,26,92,86,REB             70,1,26,30,,,,
5,1410,34,Potro,,2020,173,1.4,192,26,87,114,120,1,27,40,,,,
5,1411,34,Encino,,2020,140,8.7,,,,,115,2,117,104,,,,
5,1412,34,Anacahuita,,2020,133,1.02,123,16,18,22,135,2,118,49,,,,
5,1413,34,Encino,,2020,150,0.76,114,9,72,59,133,2,24,26,,,,
5,1414,35,Encino,,2020,133,0.65,,,,,,,,,,,,
5,1415,35,Potro,,2020,320,3,270,33,150,148,,,,,,,,
5,1416,35,Anacahuita,,2020,113,1.08,92,25,77,74,,,,,,,,
5,1417,35,Anacahuita,,2020,119,0.85,,,,,,,,,,,,
5,1418,36,Potro,,2020,235,1.77,147,25,98,183,,,,,,,,
5,1419,36,Encino,,2020,132,0.69,,,,,,,,,,,,
5,1420,36,Potro,,2020,189,1.35,215,25,114,85,,,,,,,,
